,customer_id,churn_prediction,probability_churn_false,probability_churn_true
0,0016-QLJIS,0,0.9208536605958482,0.07914633940415183
1,0017-DINOC,0,0.8990113889734371,0.10098861102656284
2,0019-GFNTW,0,0.9390182248588637,0.060981775141136396
3,0056-EPFBG,0,0.997798436406122,0.0022015635938780575
4,0078-XZMHT,0,0.9726879777210994,0.02731202227890064
5,0114-IGABW,0,0.8920740269954716,0.10792597300452847
6,0123-CRBRT,0,0.5858277702516381,0.4141722297483619
7,0191-EQUUH,1,0.2352668994635938,0.7647331005364062
8,0214-JHPFW,0,0.545156391534958,0.45484360846504207
9,0229-LFJAF,0,0.9935890774237196,0.006410922576280427
10,0230-WEQUW,1,0.35869398637565597,0.641306013624344
11,0238-WHBIQ,0,0.9687291358089657,0.031270864191034295
12,0244-LGNFY,0,0.6370885319834385,0.36291146801656154
13,0253-ZTEOB,0,0.9939142689436583,0.006085731056341653
14,0263-FJTQO,0,0.5096666841261861,0.49033331587381385
15,0270-THENM,0,0.7555873752629026,0.24441262473709738
16,0277-ORXQS,0,0.5243819635531963,0.4756180364468036
17,0298-XACET,1,0.4914130374489796,0.5085869625510204
18,0301-FIDRB,1,0.47482422129253865,0.5251757787074613
19,0336-KXKFK,0,0.9702773338609205,0.029722666139079465
20,0336-PIKEI,0,0.8607646842457563,0.13923531575424375
21,0343-QLUZP,1,0.20319363969170612,0.7968063603082939
22,0361-HJRDX,1,0.2035201372651464,0.7964798627348536
23,0363-SVHYR,0,0.9078168898300614,0.09218311016993865
24,0379-DJQHR,0,0.7559210711511826,0.24407892884881746
25,0383-CLDDA,0,0.9860878493563537,0.013912150643646221
26,0412-UCCNP,0,0.8433900085476175,0.15660999145238252
27,0420-TXVSG,0,0.9977185961444138,0.0022814038555861874
28,0436-TWFFZ,0,0.9289548989886173,0.07104510101138269
29,0440-EKDCF,0,0.8361139366488051,0.1638860633511949
30,0455-ENTCR,0,0.5247930935413754,0.4752069064586247
31,0458-HEUZG,0,0.7707317656651682,0.22926823433483182
32,0459-SPZHJ,0,0.5987083225148128,0.40129167748518724
33,0487-CRLZF,0,0.5026192311961688,0.49738076880383114
34,0513-RBGPE,1,0.34616242232420036,0.6538375776757996
35,0526-SXDJP,0,0.8268898475075503,0.1731101524924496
36,0531-XBKMM,0,0.9967849708770913,0.003215029122908668
37,0536-ESJEP,1,0.3213712565327288,0.6786287434672712
38,0556-FJEGU,0,0.8960091915574214,0.10399080844257855
39,0562-FGDCR,0,0.8028026164228997,0.19719738357710026
40,0562-KBDVM,0,0.8779565179357003,0.12204348206429974
41,0567-XRHCU,0,0.754334385937149,0.24566561406285098
42,0602-DDUML,0,0.5006816974009933,0.49931830259900667
43,0604-THJFP,0,0.6144623585460665,0.3855376414539336
44,0617-AQNWT,0,0.9962044582659254,0.003795541734074556
45,0621-JFHOL,1,0.4384654096310161,0.5615345903689839
46,0674-GCDXG,0,0.7605378142314877,0.2394621857685123
47,0707-HOVVN,1,0.4341125264712419,0.5658874735287581
48,0730-BGQGF,0,0.9780108787674808,0.021989121232519164
49,0739-UUAJR,0,0.9917383847320299,0.008261615267970084
50,0744-BIKKF,1,0.252897515946642,0.747102484053358
51,0757-WCUUZ,0,0.5466947721031021,0.4533052278968979
52,0769-MURVM,0,0.9963401375552422,0.0036598624447577834
53,0771-CHWSK,0,0.7598487029934771,0.24015129700652293
54,0774-RMNUW,1,0.4332861988920903,0.5667138011079097
55,0795-LAFGP,0,0.9966035179731545,0.0033964820268455563
56,0813-TAXXS,0,0.8533302171825762,0.1466697828174238
57,0839-JTCUD,0,0.9326488056252547,0.06735119437474536
58,0848-SOMKO,0,0.9970135996798534,0.0029864003201466724
59,0885-HMGPY,1,0.30633176768178194,0.6936682323182181
60,0895-UADGO,0,0.9889096398367925,0.011090360163207524
61,0909-SELIE,0,0.9840336152253889,0.015966384774611098
62,0916-KNFAJ,0,0.7392862448864461,0.26071375511355394
63,0942-KOWSM,1,0.38482232584298715,0.6151776741570129
64,0945-TSONX,0,0.5708962815664169,0.42910371843358314
65,0973-KYVNF,0,0.9273451113939203,0.07265488860607967
66,0979-MOZQI,0,0.9956233501352021,0.00437664986479788
67,0988-AADSA,0,0.8261180279477223,0.1738819720522777
68,1023-BQXZE,1,0.3120209526856276,0.6879790473143724
69,1027-LKKQQ,0,0.8852683198848443,0.11473168011515565
70,1084-MNSMJ,1,0.3172575573658596,0.6827424426341404
71,1088-AUUZZ,0,0.7485300881190946,0.25146991188090545
72,1116-FRYVH,1,0.46963798251853295,0.530362017481467
73,1139-WUOAH,0,0.7686188977604511,0.2313811022395489
74,1172-VIYBP,0,0.9932687767424604,0.0067312232575396464
75,1187-WILMM,0,0.8824260327344843,0.1175739672655157
76,1194-BHJYC,0,0.7004159226096669,0.2995840773903331
77,1209-VFFOC,1,0.27329488922127787,0.7267051107787221
78,1221-GHZEP,0,0.6848133397297995,0.3151866602702004
79,1227-UDMZR,0,0.8636150102469792,0.1363849897530208
80,1265-BCFEO,1,0.30168640481333353,0.6983135951866665
81,1265-ZFOSD,0,0.9794553358916225,0.02054466410837747
82,1266-NZYUI,0,0.6962117827384706,0.3037882172615293
83,1271-UODNO,0,0.9051615568175871,0.09483844318241287
84,1335-MXCSE,0,0.8406119153892526,0.1593880846107474
85,1371-DWPAZ,0,0.5095096792634641,0.4904903207365358
86,1431-AIDJQ,0,0.9611299886368634,0.03887001136313667
87,1459-QNFQT,0,0.8317589584205458,0.16824104157945421
88,1498-NHTLT,0,0.6611151519552803,0.3388848480447198
89,1506-YJTYT,0,0.6026630247006015,0.39733697529939843
90,1525-LNLOJ,0,0.6246412687694445,0.37535873123055546
91,1568-BEKZM,1,0.22290493156610458,0.7770950684338954
92,1568-LJSZU,0,0.8978413904978737,0.10215860950212624
93,1642-HMARX,1,0.43930344648925557,0.5606965535107444
94,1676-MQAOA,1,0.45161423402400547,0.5483857659759945
95,1699-UOTXU,1,0.42356314801763273,0.5764368519823673
96,1716-LSAMB,0,0.7687795769802214,0.23122042301977863
97,1775-KWJKQ,0,0.5470544435326067,0.4529455564673933
98,1814-WFGVS,1,0.36535932746651334,0.6346406725334867
99,1821-BUCWY,0,0.8963955739073364,0.10360442609266358
100,1837-YQUCE,0,0.8762603344919855,0.12373966550801453
101,1897-OKVMW,0,0.9062752028005622,0.09372479719943781
102,1904-WAJAA,1,0.4125252631336406,0.5874747368663594
103,1936-CZAKF,0,0.9820585549103612,0.017941445089638835
104,1951-IEYXM,0,0.781165402397367,0.21883459760263305
105,1960-UOTYM,1,0.44142044307321227,0.5585795569267877
106,1971-DTCZB,0,0.6657380255136929,0.3342619744863071
107,1972-XMUWV,0,0.9965220478049821,0.00347795219501788
108,2000-DHJUY,0,0.9547706962984258,0.04522930370157423
109,2040-LDIWQ,0,0.9759649102397873,0.024035089760212788
110,2077-DDHJK,0,0.8624800081945436,0.1375199918054564
111,2088-IEBAU,1,0.25279446158876795,0.747205538411232
112,2091-GPPIQ,0,0.811688869087714,0.18831113091228607
113,2123-VSCOT,0,0.5319952102593284,0.46800478974067167
114,2126-GSEGL,0,0.8785460666183372,0.12145393338166281
115,2160-GPFXD,1,0.4383968477544081,0.5616031522455919
116,2162-FRZAA,0,0.9765143190615656,0.023485680938434388
117,2167-FQSTQ,0,0.7322446525890779,0.2677553474109221
118,2176-LVPNX,1,0.3115089702257017,0.6884910297742983
119,2176-OSJUV,0,0.9913769624971043,0.008623037502895697
120,2192-CKRLV,0,0.9598208423243476,0.04017915767565237
121,2192-OZITF,0,0.9952138362900196,0.004786163709980432
122,2194-IIQOF,0,0.5327515575577837,0.4672484424422163
123,2197-OMWGI,0,0.790142394053589,0.209857605946411
124,2200-DSAAL,0,0.9592383383039732,0.040761661696026755
125,2211-RMNHO,0,0.7387021417630032,0.2612978582369968
126,2226-ICFDO,1,0.4788948213705223,0.5211051786294777
127,2234-EOFPT,0,0.872355696020412,0.1276443039795881
128,2235-EZAIK,1,0.4541543914790557,0.5458456085209443
129,2245-ADZFJ,0,0.6055310184235776,0.39446898157642235
130,2251-PYLPB,1,0.43560146467880667,0.5643985353211933
131,2252-NKNSI,1,0.27323044817882947,0.7267695518211705
132,2253-KPMNB,0,0.8196855751129901,0.18031442488700983
133,2256-YLYLP,0,0.9913189580518289,0.008681041948171056
134,2274-XUATA,1,0.4774581171334298,0.5225418828665702
135,2296-DKZFP,0,0.9438665455581479,0.05613345444185214
136,2302-OUZXB,0,0.9499993082159618,0.05000069178403825
137,2314-TNDJQ,0,0.7207114923217627,0.2792885076782373
138,2335-GSODA,1,0.45090275327895646,0.5490972467210435
139,2351-BKRZW,0,0.9077476990410305,0.09225230095896958
140,2378-YIZKA,1,0.28749628381946757,0.7125037161805324
141,2400-XIWIO,0,0.9255497599481652,0.07445024005183475
142,2404-JIBFC,1,0.2149365244304703,0.7850634755695297
143,2451-YMUXS,1,0.29763158432362624,0.7023684156763738
144,2498-XLDZR,0,0.5869932151844468,0.41300678481555314
145,2516-XSJKX,0,0.9127225912242866,0.08727740877571342
146,2535-PBCGC,0,0.9813996355762635,0.01860036442373643
147,2580-ASVVY,0,0.9730539009816759,0.026946099018324156
148,2612-PHGOX,1,0.26703484266351296,0.732965157336487
149,2649-HWLYB,1,0.32496296254646506,0.6750370374535349
150,2661-GKBTK,1,0.28766153862503185,0.7123384613749681
151,2676-SSLTO,1,0.45695915437763424,0.5430408456223658
152,2710-WYVXG,1,0.16162299206638742,0.8383770079336126
153,2725-TTRIQ,0,0.6882868702388805,0.3117131297611196
154,2753-JMMCV,1,0.3464047698340822,0.6535952301659178
155,2773-MADBQ,0,0.7944136765652574,0.20558632343474256
156,2775-SEFEE,0,0.8094832725971366,0.1905167274028634
157,2824-DXNKN,0,0.7279184658217968,0.2720815341782033
158,2845-KDHVX,0,0.7229020600845232,0.2770979399154768
159,2863-IMQDR,0,0.9962631465423557,0.0037368534576442407
160,2882-WDTBA,0,0.6989350433783369,0.3010649566216631
161,2885-HIJDH,0,0.7872335895273096,0.21276641047269038
162,2925-VDZHY,0,0.6017303470113441,0.3982696529886559
163,2933-XEUJM,1,0.48966229813189455,0.5103377018681055
164,2954-PIBKO,0,0.8646232228118915,0.13537677718810842
165,2977-CEBSX,0,0.7774485713750249,0.22255142862497515
166,2987-BJXIK,0,0.9949699498677705,0.005030050132229433
167,2990-IAJSV,1,0.44175899507728167,0.5582410049227183
168,2990-OGYTD,1,0.39599017048039786,0.6040098295196021
169,2996-XAUVF,0,0.9091101942450606,0.09088980575493938
170,2999-AANRQ,0,0.7894096794494962,0.21059032055050375
171,3050-RLLXC,0,0.9389740775381631,0.06102592246183696
172,3057-VJJQE,0,0.754362933929281,0.24563706607071897
173,3071-MVJCD,0,0.994204542611318,0.005795457388682072
174,3082-YVEKW,0,0.9936905903210841,0.006309409678915886
175,3084-DOWLE,0,0.6099230481783161,0.3900769518216839
176,3108-PCCGG,1,0.49374271195621,0.50625728804379
177,3146-MSEGF,0,0.9904931938285494,0.009506806171450617
178,3166-PNEOF,1,0.40357816471559305,0.596421835284407
179,3174-AKMAS,0,0.9954491390674431,0.004550860932556874
180,3200-MNQTF,0,0.7861743480681037,0.21382565193189626
181,3219-JQRSL,0,0.6983366885733038,0.3016633114266963
182,3227-WLKLI,0,0.9792673536710486,0.020732646328951405
183,3230-IUALN,1,0.37080157823563,0.62919842176437
184,3249-VHRIP,0,0.9396759941278058,0.060324005872194185
185,3259-KNMRR,0,0.5167636925050906,0.4832363074949094
186,3259-QMXUN,0,0.819128693889514,0.18087130611048596
187,3262-EIDHV,0,0.7991613738574237,0.20083862614257625
188,3280-MRDOF,0,0.9105094882428127,0.0894905117571873
189,3298-QEICA,0,0.8515177326420776,0.1484822673579224
190,3308-JSGML,0,0.9963465085519302,0.00365349144806983
191,3397-AVTKU,0,0.8044319998027215,0.19556800019727852
192,3398-GCPMU,0,0.9956947116353898,0.004305288364610219
193,3399-BMLVW,0,0.9971333590250521,0.0028666409749479524
194,3400-ESFUW,0,0.5171655217636307,0.48283447823636927
195,3410-YOQBQ,1,0.34243061228896277,0.6575693877110372
196,3429-IFLEM,0,0.9668370492973716,0.03316295070262838
197,3470-OBUET,0,0.9633692730254859,0.03663072697451406
198,3474-BAFSJ,0,0.6799930535099821,0.3200069464900179
199,3486-HOOGQ,1,0.39800013843140614,0.6019998615685939
200,3500-NSDOA,0,0.8241644344088087,0.17583556559119132
201,3508-VLHCZ,0,0.8136076522379699,0.18639234776203006
202,3511-BFTJW,1,0.20644662745951348,0.7935533725404865
203,3512-IZIKN,0,0.9024787376143255,0.09752126238567448
204,3533-UVMOM,0,0.7927947647024727,0.20720523529752735
205,3544-FBCAS,0,0.9830120515146632,0.016987948485336853
206,3557-HTYWR,1,0.49515053071097836,0.5048494692890216
207,3563-SVYLG,0,0.6171629769732621,0.382837023026738
208,3566-CAAYU,0,0.5088493400421616,0.4911506599578384
209,3569-JFODW,0,0.9823029364688127,0.017697063531187232
210,3635-JBPSG,0,0.992406524508596,0.0075934754914039745
211,3638-VBZTA,0,0.9500332907020008,0.04996670929799923
212,3638-WEABW,0,0.7063088570367817,0.29369114296321835
213,3649-JPUGY,1,0.2961523002658597,0.7038476997341403
214,3654-ARMGP,0,0.8727815601137338,0.12721843988626627
215,3704-IEAXF,0,0.9299152624675117,0.07008473753248834
216,3720-DBRWL,0,0.993936515903866,0.0060634840961340435
217,3745-HRPHI,1,0.3097147686853391,0.6902852313146609
218,3779-OSWCF,0,0.9947766071323948,0.005223392867605213
219,3795-GWTRD,0,0.747529649640547,0.252470350359453
220,3796-ENZGF,0,0.8548791044844757,0.1451208955155243
221,3813-DHBBB,1,0.3807230232453165,0.6192769767546835
222,3884-UEBXB,0,0.5609682554423561,0.439031744557644
223,3889-VWBID,0,0.969878564132826,0.030121435867173956
224,3891-NLXJB,0,0.9751094909258547,0.024890509074145233
225,3902-MIVLE,0,0.7284616800864563,0.27153831991354366
226,3908-MKIMJ,0,0.9952626658769436,0.004737334123056404
227,3911-RSNHI,0,0.9729315570353178,0.02706844296468227
228,3913-FCUUW,1,0.3914007821031076,0.6085992178968924
229,3933-DQPWX,0,0.5417574220503305,0.45824257794966944
230,3938-YFPXD,0,0.9579714616951899,0.04202853830481008
231,3948-KXDUF,0,0.7662072940204429,0.23379270597955712
232,3967-KXAPS,0,0.9805781344528306,0.019421865547169362
233,4006-HKYHO,0,0.7872335895273096,0.21276641047269038
234,4012-YCFAI,0,0.8832550858811294,0.11674491411887052
235,4039-PIMHX,0,0.8040963926323899,0.19590360736761014
236,4075-WKNIU,0,0.9233219626135163,0.07667803738648377
237,4077-HWUYD,0,0.9459069073582136,0.054093092641786356
238,4079-VTGLK,0,0.6286284618895681,0.37137153811043183
239,4079-WWQQQ,0,0.9298920451122188,0.07010795488778127
240,4102-HLENU,0,0.6944772936500114,0.3055227063499885
241,4111-BNXIF,0,0.9667856337294491,0.0332143662705508
242,4115-BNPJY,0,0.9555314088194431,0.04446859118055686
243,4139-DETXS,0,0.5135336592534983,0.48646634074650175
244,4188-PCPIG,0,0.9313522146070614,0.06864778539293863
245,4194-FJARJ,1,0.37203551817392444,0.6279644818260756
246,4254-QPEDE,1,0.4591407391438663,0.5408592608561337
247,4291-TPNFG,0,0.9866416658797993,0.013358334120200675
248,4293-ETKAP,0,0.7211326560486738,0.2788673439513262
249,4295-YURET,0,0.5215241434790214,0.4784758565209786
250,4304-XUMGI,1,0.46354994537227856,0.5364500546277214
251,4312-GVYNH,1,0.3745619052904092,0.6254380947095908
252,4334-HOWRP,0,0.5381475494481636,0.4618524505518365
253,4355-HBJHH,0,0.9940868559777265,0.005913144022273533
254,4381-MHQDC,0,0.9831337172292527,0.016866282770747316
255,4472-LVYGI,0,0.936149956982161,0.06385004301783906
256,4500-HKANN,1,0.42658038405346266,0.5734196159465373
257,4526-RMTLL,0,0.5158233850081172,0.4841766149918828
258,4568-KNYWR,0,0.6624853398716939,0.33751466012830605
259,4615-PIVVU,1,0.3305620723582605,0.6694379276417395
260,4648-YPBTM,0,0.9939218561732596,0.006078143826740472
261,4654-ULTTN,0,0.9894816686539081,0.010518331346091946
262,4664-NJCMS,0,0.9685337341529106,0.03146626584708946
263,4671-VJLCL,0,0.7240973189627763,0.2759026810372237
264,4674-HGNUA,0,0.791522471241588,0.208477528758412
265,4676-WLUHT,0,0.891327184682557,0.10867281531744301
266,4701-LKOZD,0,0.9980766563746699,0.0019233436253300925
267,4717-GHADL,0,0.9172539812168845,0.08274601878311544
268,4718-WXBGI,0,0.579073197409107,0.42092680259089305
269,4723-BEGSG,0,0.9847534188843111,0.015246581115688862
270,4737-AQCPU,0,0.8547799337092932,0.1452200662907068
271,4737-HOBAX,0,0.939258281806023,0.06074171819397699
272,4751-ERMAN,0,0.880700071816499,0.11929992818350098
273,4782-OSFXZ,0,0.7127911776588846,0.28720882234111544
274,4827-DPADN,0,0.6887581213868287,0.3112418786131713
275,4835-YSJMR,0,0.7797112958978332,0.22028870410216678
276,4837-PZTIC,0,0.5618863807915877,0.4381136192084123
277,4849-PYRLQ,0,0.617439398838125,0.382560601161875
278,4854-SSLTN,0,0.996135107010977,0.003864892989023002
279,4859-ZSRDZ,0,0.6888502532521962,0.3111497467478038
280,4872-JCVCA,0,0.98158132951355,0.018418670486449906
281,4891-NLUBA,1,0.3874482452378111,0.6125517547621889
282,4900-MSOMT,0,0.5027672059671395,0.4972327940328604
283,4915-BFSXL,0,0.5802589695932072,0.41974103040679284
284,4922-CVPDX,0,0.9116045305846245,0.0883954694153754
285,4940-KHCWD,0,0.823900302775201,0.17609969722479907
286,4967-WPNCF,0,0.9649085405455259,0.035091459454474075
287,4973-MGTON,0,0.9513678067604681,0.048632193239531954
288,4992-LTJNE,1,0.3246301200049626,0.6753698799950374
289,4994-OBRSZ,0,0.8819004402775982,0.11809955972240181
290,5003-XZWWO,0,0.728335438737703,0.27166456126229693
291,5010-IPEAQ,0,0.5925769003842436,0.40742309961575635
292,5067-WJEUN,0,0.7183424890996062,0.28165751090039376
293,5095-ETBRJ,0,0.657561051852432,0.342438948147568
294,5110-CHOPY,0,0.9224450657032524,0.0775549342967477
295,5115-GZDEL,0,0.9960703970222876,0.003929602977712398
296,5117-ZSMHQ,1,0.3834813723501028,0.6165186276498972
297,5126-RCXYW,0,0.8480382233311845,0.15196177666881547
298,5129-HHMZC,0,0.9132347781200663,0.08676522187993373
299,5130-YPIRV,0,0.9273973878414322,0.07260261215856781
300,5135-RDDQL,1,0.26461041682930564,0.7353895831706944
301,5148-ORICT,0,0.5210204761538889,0.4789795238461111
302,5176-OLSKT,0,0.9355596194810492,0.0644403805189508
303,5181-OABFK,1,0.2722465854701701,0.7277534145298299
304,5197-LQXXH,0,0.7597766502221441,0.24022334977785592
305,5208-FVQKB,0,0.80123031055536,0.19876968944463996
306,5227-JSCFE,1,0.46606499477884555,0.5339350052211544
307,5232-NXPAY,0,0.5258447071145054,0.4741552928854946
308,5248-KWLAR,1,0.47236480332135544,0.5276351966786446
309,5248-RPYWW,1,0.40314189054585714,0.5968581094541429
310,5248-YGIJN,0,0.630234217497615,0.369765782502385
311,5256-SKJGO,0,0.897884471493858,0.10211552850614203
312,5275-PMFUT,0,0.9556369553532333,0.044363044646766714
313,5317-FLPJF,1,0.26315932868425695,0.736840671315743
314,5318-YKDPV,0,0.9830667376484317,0.01693326235156836
315,5320-BRKGK,0,0.9754711911479486,0.02452880885205142
316,5321-NTRKC,0,0.9620730259373846,0.03792697406261538
317,5327-XOKKY,1,0.34700634057755797,0.652993659422442
318,5329-KRDTM,0,0.7159675955471969,0.2840324044528031
319,5338-YHWYT,0,0.9956516041977266,0.004348395802273373
320,5360-XGYAZ,0,0.6818371863720523,0.31816281362794774
321,5377-NDTOU,0,0.7898679005044966,0.21013209949550332
322,5394-MEITZ,1,0.25756012970531583,0.7424398702946842
323,5397-NSKQG,0,0.9947449656222691,0.005255034377730884
324,5456-ITGIC,0,0.652760997724233,0.34723900227576693
325,5457-COLHT,0,0.706752934041738,0.29324706595826205
326,5458-CQJTA,1,0.3102807571727506,0.6897192428272494
327,5472-CVMDX,0,0.7922333413851768,0.20776665861482327
328,5485-ITNPC,0,0.7523234361326189,0.24767656386738113
329,5494-WOZRZ,0,0.9911940632353059,0.008805936764694107
330,5583-EJXRD,0,0.679647146915431,0.32035285308456896
331,5614-DNZCE,1,0.2956151726854056,0.7043848273145944
332,5641-DMBFJ,0,0.9783419877838315,0.02165801221616842
333,5656-MJEFC,0,0.5637364372634311,0.43626356273656886
334,5676-CFLYY,0,0.9943877229354329,0.0056122770645671265
335,5680-LQOGP,0,0.9888744798138257,0.011125520186174338
336,5696-JVVQY,0,0.9856801873433957,0.014319812656604348
337,5702-KVQRD,1,0.26060820551230757,0.7393917944876924
338,5707-ZMDJP,0,0.804686473349134,0.19531352665086602
339,5709-LVOEQ,0,0.9591151857277969,0.040884814272203175
340,5727-MYATE,0,0.7333677924459956,0.2666322075540044
341,5736-YEJAX,0,0.8069782570213407,0.19302174297865926
342,5751-USDBL,1,0.3594833420425041,0.6405166579574959
343,5762-TJXGK,0,0.8743102040559333,0.1256897959440667
344,5766-FTRTS,1,0.3536275591082282,0.6463724408917718
345,5781-RFZRP,0,0.9029870444458876,0.09701295555411239
346,5788-YPOEG,0,0.9533806317374625,0.04661936826253755
347,5792-JALQC,0,0.9555407266945182,0.04445927330548177
348,5803-NQJZO,0,0.6183353468268138,0.38166465317318615
349,5816-JMLGY,0,0.5873343130151456,0.4126656869848544
350,5840-NVDCG,0,0.9145874176994064,0.0854125823005936
351,5846-NEQVZ,0,0.7923883686612221,0.20761163133877797
352,5862-BRIXZ,1,0.3374103063986612,0.6625896936013388
353,5879-HMFFH,0,0.5544035542563344,0.4455964457436656
354,5893-PYOLZ,0,0.9478405797014661,0.052159420298533946
355,5915-ANOEI,0,0.8135422602458376,0.18645773975416235
356,5930-GBIWP,0,0.9954086387438595,0.004591361256140459
357,5980-BDHPY,0,0.981616621075675,0.018383378924324935
358,5982-PSMKW,0,0.8770355815579634,0.12296441844203661
359,5993-JSUWV,1,0.3009868939844942,0.6990131060155058
360,5996-EBTKM,0,0.9466904951024617,0.053309504897538225
361,5997-OPVFA,0,0.5690105469309955,0.4309894530690045
362,6013-BHCAW,0,0.6436907150236395,0.35630928497636044
363,6023-GSSXW,1,0.3457194137098275,0.6542805862901725
364,6034-ZRYCV,0,0.5370151556711027,0.46298484432889725
365,6064-ZATLR,0,0.9847739680570592,0.01522603194294085
366,6087-YPWHO,0,0.9790063501728568,0.0209936498271432
367,6115-ZTBFQ,0,0.6101759440379239,0.38982405596207614
368,6119-SPUDB,0,0.713821704107879,0.28617829589212096
369,6120-RJKLU,0,0.679938842760796,0.3200611572392041
370,6122-EFVKN,0,0.8701059121119437,0.12989408788805634
371,6122-LJADA,0,0.9959906479784193,0.004009352021580741
372,6164-HAQTX,0,0.9580934112333069,0.04190658876669305
373,6166-YIPFO,0,0.9970736929701551,0.0029263070298448943
374,6169-PGNCD,1,0.3847377151081819,0.6152622848918181
375,6177-PEVRA,1,0.4776635220924379,0.5223364779075621
376,6203-HBZPA,0,0.9965328313188963,0.003467168681103793
377,6248-TKCQV,0,0.9797137474817751,0.020286252518224884
378,6253-GNHWH,1,0.4465670446652519,0.5534329553347481
379,6258-PVZWJ,0,0.9169957343854989,0.08300426561450111
380,6283-GITPX,0,0.8970599295910406,0.10294007040895932
381,6288-CHQJB,0,0.6128222360030157,0.38717776399698434
382,6339-RZCBJ,0,0.9764391666278028,0.02356083337219717
383,6348-SNFUS,0,0.5758757702338757,0.42412422976612435
384,6365-HITVU,1,0.37163316510063504,0.628366834899365
385,6369-MCAKO,0,0.9812557625049593,0.01874423749504068
386,6371-NZYEG,1,0.3388102640614191,0.6611897359385809
387,6374-AFWOX,1,0.36366402894046146,0.6363359710595385
388,6384-VMJHP,1,0.26959637720486107,0.7304036227951389
389,6408-WHTEF,1,0.3761152394072187,0.6238847605927813
390,6418-HNFED,0,0.6129450924143421,0.38705490758565786
391,6418-PIQSP,1,0.3557640723656402,0.6442359276343598
392,6427-FEFIG,1,0.45806474487444615,0.5419352551255538
393,6434-TTGJP,0,0.988409508292741,0.011590491707259011
394,6437-UDQJM,1,0.38271733896410376,0.6172826610358962
395,6439-PKTRR,0,0.9878874107126784,0.012112589287321642
396,6461-SZMCV,0,0.7923585469056658,0.2076414530943342
397,6463-MVYRY,0,0.8650750800470144,0.1349249199529856
398,6479-VDGRK,1,0.3466030435863544,0.6533969564136456
399,6504-VBLFL,0,0.8717630029672689,0.128236997032731
400,6505-OZNPG,0,0.8379096987283917,0.16209030127160826
401,6516-NKQBO,1,0.351684666816267,0.648315333183733
402,6522-OIQSX,0,0.9592425345123847,0.04075746548761522
403,6549-BTYPG,0,0.9945200899527324,0.0054799100472675095
404,6559-ILWKJ,0,0.82753273561833,0.17246726438167004
405,6586-MYGKD,1,0.2982593343395974,0.7017406656604026
406,6603-YRDCJ,1,0.37667130134231197,0.623328698657688
407,6614-YOLAC,0,0.8010756812859964,0.1989243187140036
408,6625-IUTTT,1,0.2947194674449083,0.7052805325550917
409,6631-HMANX,0,0.9876102239266183,0.012389776073381691
410,6656-GULJQ,0,0.9039738417772342,0.0960261582227658
411,6681-ZSEXG,0,0.9473437082421691,0.05265629175783088
412,6691-CCIHA,0,0.9381761313161519,0.061823868683848135
413,6695-AMZUF,0,0.6593377729996686,0.3406622270003315
414,6695-FRVEC,0,0.9031982539491791,0.09680174605082097
415,6701-DHKWQ,0,0.9662863100681767,0.03371368993182329
416,6701-YVNQG,0,0.8301189569245337,0.1698810430754663
417,6723-CEGQI,0,0.8972782411541733,0.10272175884582666
418,6727-IOTLZ,0,0.5928394206573322,0.4071605793426678
419,6732-VAILE,0,0.8409191656831129,0.15908083431688713
420,6741-QRLUP,1,0.483443553072579,0.516556446927421
421,6754-LZUKA,1,0.3935088938775648,0.6064911061224352
422,6762-QVYJO,0,0.6040881056210077,0.3959118943789923
423,6867-ACCZI,0,0.6307523150166138,0.3692476849833862
424,6870-ZWMNX,1,0.4977240975648638,0.5022759024351362
425,6885-PKOAM,0,0.8370435294833358,0.16295647051666415
426,6897-RWMUB,0,0.6185783221320806,0.3814216778679193
427,6898-RBTLU,1,0.3460385875005483,0.6539614124994517
428,6901-GOGZG,1,0.2795032467204449,0.7204967532795551
429,6916-HIJSE,1,0.3733542072047473,0.6266457927952527
430,6953-PBDIN,0,0.9926329553559967,0.007367044644003257
431,6963-EZQEE,0,0.8598906446949359,0.14010935530506402
432,6997-UVGOX,0,0.8949045533632174,0.10509544663678265
433,7018-FPXHH,0,0.9862212889462538,0.013778711053746204
434,7021-XSNYE,0,0.5987140304097796,0.4012859695902204
435,7025-WCBNE,0,0.81201896679787,0.18798103320213003
436,7037-MTYVW,0,0.9290919709954295,0.07090802900457054
437,7054-DMVAS,0,0.9858590695510578,0.014140930448942155
438,7101-HRBLJ,1,0.3558051998872699,0.6441948001127301
439,7109-CQYUZ,0,0.8481308053296253,0.15186919467037469
440,7110-BDTWG,0,0.9250503266949149,0.0749496733050851
441,7113-HIPFI,0,0.863853970503533,0.136146029496467
442,7131-ZQZNK,0,0.6751899681873936,0.3248100318126064
443,7138-GIRSH,0,0.8407720889752108,0.15922791102478917
444,7139-JZFVG,0,0.7924722033735094,0.20752779662649054
445,7162-WPHPM,0,0.7042447280135238,0.29575527198647616
446,7164-BPTUT,0,0.9786403461517574,0.021359653848242597
447,7169-YWAMK,0,0.9911678986678902,0.008832101332109718
448,7191-ADRGF,0,0.8381789388569123,0.16182106114308775
449,7197-VOJMM,0,0.6026214098042224,0.39737859019577754
450,7233-PAHHL,0,0.9616414759886314,0.038358524011368626
451,7253-UVNDW,0,0.6586986790337878,0.34130132096621224
452,7274-CGTOD,0,0.6554768401614759,0.34452315983852405
453,7284-ZZLOH,0,0.9956737674828978,0.004326232517102171
454,7301-ABVAD,1,0.4933470022475098,0.5066529977524902
455,7306-YDSOI,0,0.8824700037375514,0.11752999626244863
456,7321-ZNSLA,0,0.8156286548775323,0.18437134512246767
457,7340-KEFQE,1,0.32780547265147675,0.6721945273485233
458,7349-ALMUX,0,0.9642159570576341,0.035784042942365896
459,7359-SSBJK,0,0.9896054136076785,0.010394586392321471
460,7398-HPYZQ,0,0.8985891202769598,0.10141087972304022
461,7399-QHBJS,0,0.9579593976986394,0.042040602301360606
462,7401-JIXNM,0,0.8168965362554834,0.18310346374451653
463,7408-OFWXJ,0,0.9592108661860445,0.04078913381395552
464,7492-TAFJD,0,0.9221938284192831,0.07780617158071694
465,7501-IWUNG,0,0.595467095476351,0.40453290452364893
466,7503-MIOGA,0,0.9846324197264535,0.015367580273546472
467,7508-DQAKK,1,0.25609642512060526,0.7439035748793947
468,7524-VRLPL,0,0.95879055446443,0.04120944553557001
469,7560-QJAVJ,0,0.9976244449823419,0.00237555501765811
470,7579-KKLOE,0,0.9949664003600063,0.0050335996399936845
471,7596-ZYWBB,0,0.9187178845691302,0.0812821154308698
472,7599-NTMDP,0,0.6485709368932664,0.3514290631067336
473,7605-BDWDC,0,0.9941468185430699,0.005853181456930122
474,7609-YBPXG,0,0.7286816622570176,0.27131833774298236
475,7622-FWGEW,0,0.9793726083862776,0.020627391613722398
476,7633-MVPUY,0,0.8693091575593714,0.13069084244062854
477,7639-LIAYI,0,0.9884449374248298,0.011555062575170295
478,7639-OPLNG,0,0.9770212263620283,0.0229787736379717
479,7649-SIJJF,0,0.9577852909480505,0.04221470905194948
480,7665-NKLAV,0,0.573760348805602,0.426239651194398
481,7688-AWMDX,0,0.8462887269235493,0.15371127307645074
482,7722-VJRQD,0,0.8666816729214601,0.13331832707853988
483,7758-UJWYS,0,0.9900465519309113,0.009953448069088721
484,7771-CFQRQ,1,0.40033677363164766,0.5996632263683523
485,7771-ZONAT,0,0.7576314367306194,0.24236856326938064
486,7779-ORAEL,0,0.9924739832904437,0.007526016709556357
487,7781-HVGMK,1,0.33647295333090677,0.6635270466690932
488,7816-VGHTO,0,0.7524019124936844,0.2475980875063156
489,7860-KSUGX,0,0.6870416272123478,0.31295837278765215
490,7860-UXCRM,1,0.4175859651171382,0.5824140348828618
491,7873-CVMAW,0,0.8647105168923819,0.13528948310761818
492,7898-PDWQE,0,0.5040722112985103,0.4959277887014896
493,7921-BEPCI,0,0.9489511892449631,0.05104881075503682
494,7963-SHNDT,1,0.3916631122419437,0.6083368877580563
495,7975-JMZNT,0,0.9972169553149591,0.002783044685040902
496,7998-WNZEM,0,0.705806190658398,0.294193809341602
497,8039-ACLPL,0,0.7105010401749223,0.2894989598250776
498,8039-EQPIM,0,0.859767448884667,0.14023255111533292
499,8046-DNVTL,0,0.9873772843414399,0.012622715658560069
500,8050-DVOJX,0,0.9762757765948744,0.02372422340512564
501,8060-HIWJJ,0,0.9216924417423213,0.07830755825767867
502,8069-RHUXK,0,0.9920268426920597,0.007973157307940315
503,8100-PNJMH,0,0.9641147791997172,0.03588522080028277
504,8106-GWQOK,0,0.6950072309279804,0.30499276907201955
505,8125-QPFJD,1,0.21937612792310057,0.7806238720768994
506,8144-DGHXP,1,0.41268790508716136,0.5873120949128386
507,8146-QQKZH,0,0.9578185632819438,0.042181436718056145
508,8165-CBKXO,0,0.8433442943330867,0.15665570566691334
509,8166-ZZTFS,0,0.994531988559758,0.005468011440242056
510,8169-SAEJD,0,0.5645866559404141,0.43541334405958587
511,8174-TBVCF,0,0.7415216709780872,0.25847832902191276
512,8181-YHCMF,0,0.9091075566610762,0.09089244333892371
513,8197-BFWVU,0,0.9739287801783428,0.026071219821657117
514,8200-LGKSR,0,0.5310597174514597,0.4689402825485403
515,8204-YJCLA,0,0.9875291010684566,0.012470898931543455
516,8205-VSLRB,0,0.9832618885388122,0.016738111461187772
517,8208-EUMTE,0,0.6643440348648595,0.33565596513514057
518,8218-FFJDS,1,0.26478674258005763,0.7352132574199424
519,8221-HVAYI,0,0.9929532781940449,0.007046721805955167
520,8232-CTLKO,0,0.7029218180267476,0.2970781819732525
521,8242-PDSGJ,0,0.9699499505597066,0.030050049440293432
522,8295-KMENE,1,0.36568081926846274,0.6343191807315373
523,8311-UEUAB,0,0.5614274910626772,0.4385725089373228
524,8313-AFGBW,0,0.6367141252644408,0.36328587473555923
525,8316-BBQAY,1,0.48781648211703743,0.5121835178829626
526,8336-TAVKX,0,0.5927440627875666,0.4072559372124334
527,8338-QIUNR,0,0.739808875033786,0.260191124966214
528,8345-MVDYC,0,0.5191235370543321,0.4808764629456678
529,8374-UULRV,0,0.932218533942716,0.06778146605728395
530,8390-FESFV,0,0.9958395866077786,0.004160413392221436
531,8404-VIOMB,0,0.9070279794246182,0.0929720205753818
532,8413-YNHNV,0,0.9855146365126347,0.014485363487365307
533,8414-OOEEL,0,0.8047304661583101,0.19526953384168982
534,8434-PNQZX,1,0.4118031912203196,0.5881968087796804
535,8468-FZTOE,1,0.22630798533925767,0.7736920146607423
536,8510-TMWYB,0,0.7450931053938255,0.25490689460617455
537,8571-ZCMCX,0,0.979695782101611,0.020304217898389026
538,8580-QVLOC,1,0.25403490972847476,0.7459650902715252
539,8587-XYZSF,0,0.9405574194471711,0.059442580552828916
540,8590-YFFQO,0,0.8736139373195635,0.12638606268043648
541,8619-IJNDK,1,0.37711653541160417,0.6228834645883958
542,8626-PTQGE,0,0.8305337957235677,0.1694662042764324
543,8630-QSGXK,1,0.3943343723995051,0.6056656276004949
544,8631-NBHFZ,1,0.2641699387197739,0.7358300612802261
545,8645-KOMJQ,1,0.45181081710060156,0.5481891828993984
546,8661-BOYNW,0,0.6291888938545414,0.37081110614545865
547,8670-MEFCP,1,0.32940295842639467,0.6705970415736053
548,8690-ZVLCL,0,0.9479846667364455,0.0520153332635544
549,8722-PRFDV,0,0.6020095909941879,0.39799040900581206
550,8727-XDPUD,0,0.9903262767136434,0.009673723286356673
551,8766-PAFNE,0,0.8029449364942318,0.19705506350576812
552,8780-YRMTT,1,0.44505808882268105,0.554941911177319
553,8792-AOROI,0,0.8204851134297302,0.1795148865702698
554,8819-WFGGJ,0,0.773373894123607,0.22662610587639298
555,8882-TLVRW,1,0.3655889021128468,0.6344110978871532
556,8908-NMQTX,0,0.9872067767257502,0.012793223274249808
557,8990-YOZLV,0,0.8099061873947115,0.19009381260528851
558,8999-YPYBV,0,0.8149242609836891,0.18507573901631097
559,9000-PLFUZ,0,0.6566767015582021,0.3433232984417979
560,9018-PCIOK,0,0.9786930732099416,0.0213069267900584
561,9027-TMATR,0,0.9033064388603455,0.09669356113965459
562,9065-ZCPQX,0,0.9465901553198782,0.05340984468012178
563,9068-VPWQQ,1,0.48112546804615985,0.5188745319538401
564,9073-ZZIAY,0,0.7411596677144129,0.2588403322855871
565,9091-WTUUY,0,0.9974040894068066,0.002595910593193456
566,9102-OXKFY,1,0.29824075796723715,0.7017592420327629
567,9110-HSGTV,1,0.18668276116905758,0.8133172388309424
568,9114-DPSIA,0,0.9678351349910663,0.03216486500893372
569,9135-MGVPY,1,0.1958068310180907,0.8041931689819093
570,9140-CZQZZ,1,0.47468254054867676,0.5253174594513232
571,9152-AMKAK,0,0.7423354019463986,0.25766459805360137
572,9194-GFVOI,1,0.44792470198045364,0.5520752980195464
573,9220-CXRSC,0,0.804259558871055,0.19574044112894498
574,9224-VTYID,0,0.8432521108769926,0.15674788912300736
575,9225-BZLNZ,0,0.9768351205088746,0.02316487949112541
576,9227-YBAXE,1,0.3335853434967938,0.6664146565032062
577,9236-NDUCW,0,0.7995951014499687,0.20040489855003127
578,9242-TKFSV,0,0.9514856082121863,0.048514391787813735
579,9281-CEDRU,0,0.9044653972474034,0.09553460275259665
580,9286-BHDQG,1,0.32239754145529953,0.6776024585447005
581,9297-EONCV,0,0.992291909102181,0.007708090897818933
582,9297-FVVDH,1,0.4205186976481017,0.5794813023518983
583,9339-FIIJL,0,0.6336311844693703,0.36636881553062967
584,9348-ROUAI,0,0.5464179087613066,0.4535820912386934
585,9359-JANWS,0,0.8778855992352081,0.12211440076479183
586,9372-TXXPS,0,0.6487153181088795,0.3512846818911205
587,9385-NXKDA,0,0.9303565001433274,0.06964349985667267
588,9415-ZNBSX,0,0.9920145050239746,0.007985494976025354
589,9435-JMLSX,0,0.6329261353150956,0.36707386468490444
590,9443-JUBUO,0,0.7964481734886313,0.20355182651136877
591,9453-PATOS,0,0.8073234260190546,0.1926765739809454
592,9477-LGWQI,1,0.34948945901086503,0.650510540989135
593,9479-HYNYL,0,0.9937744594831094,0.006225540516890657
594,9481-WHGWY,0,0.9972101481744559,0.0027898518255441347
595,9488-FVZCC,0,0.9404140002407805,0.0595859997592195
596,9489-DEDVP,0,0.7562174589197157,0.2437825410802843
597,9489-JMTTN,1,0.433238242978251,0.566761757021749
598,9499-XPZXM,0,0.9830958904259105,0.016904109574089526
599,9530-GRMJG,1,0.26595045883574564,0.7340495411642544
600,9541-PWTWO,1,0.32410547318194793,0.6758945268180521
601,9548-LIGTA,1,0.32110347331677236,0.6788965266832276
602,9553-DLCLU,1,0.4026504194501027,0.5973495805498973
603,9560-BBZXK,0,0.9008031923623353,0.09919680763766466
604,9565-FLVCG,0,0.745616439049038,0.25438356095096204
605,9610-WCESF,1,0.4940001903345753,0.5059998096654247
606,9674-EHPPG,0,0.9958784304155226,0.004121569584477404
607,9675-ICXCT,0,0.9794150065389334,0.020584993461066618
608,9715-SBVSU,1,0.43291160557365205,0.567088394426348
609,9755-JHNMN,0,0.9970699818584845,0.002930018141515516
610,9769-TSBZE,1,0.4368486564531102,0.5631513435468898
611,9778-OGKQZ,0,0.9020201132899739,0.09797988671002615
612,9786-YWNHU,0,0.9773381113717196,0.022661888628280495
613,9795-NREXC,0,0.5393749144142455,0.46062508558575455
614,9795-SHUHB,0,0.8310678867370632,0.1689321132629368
615,9796-MVYXX,1,0.40119718703460294,0.5988028129653971
616,9823-EALYC,0,0.9854094914009622,0.014590508599037775
617,9867-XOBQA,1,0.3271139936544548,0.6728860063455452
618,9871-ELEYA,1,0.22040263434999308,0.7795973656500069
619,9880-TDQAC,1,0.44079508492256325,0.5592049150774367
620,9885-MFVSU,1,0.2475208591514193,0.7524791408485807
621,9888-ZCUMM,0,0.976253614797137,0.02374638520286304
622,9906-NHHVC,0,0.5085964978677957,0.49140350213220435
623,9919-FZDED,0,0.9727845789426506,0.027215421057349413
624,9926-PJHDQ,0,0.924142907125854,0.07585709287414602
625,9928-BZVLZ,1,0.3479953849650418,0.6520046150349582
626,9993-LHIEB,0,0.9407299009597624,0.05927009904023766
627,9995-HOTOH,0,0.846523091403072,0.15347690859692797
628,0002-ORFBO,0,0.995843370235144,0.004156629764855958
629,0020-JDNXP,1,0.2183510036710442,0.7816489963289558
630,0022-TCJCI,0,0.8864284647152817,0.11357153528471828
631,0068-FIGTF,0,0.9616555844400595,0.0383444155599405
632,0074-HDKDG,0,0.7873606688282868,0.2126393311717132
633,0080-EMYVY,0,0.614009228148579,0.385990771851421
634,0083-PIVIK,0,0.9744048958777798,0.025595104122220186
635,0104-PPXDV,0,0.886837728002561,0.11316227199743906
636,0112-QWPNC,1,0.34121697890875013,0.6587830210912499
637,0121-SNYRK,0,0.8228157795539903,0.17718422044600962
638,0134-XWXCE,0,0.94234314200387,0.05765685799612993
639,0230-UBYPQ,1,0.4077427762040957,0.5922572237959043
640,0234-TEVTT,0,0.983097052555921,0.01690294744407901
641,0254-KCJGT,0,0.8293270580209522,0.1706729419790478
642,0254-WWRKD,1,0.2789909570822525,0.7210090429177475
643,0297-RBCSG,0,0.8179487315673061,0.18205126843269395
644,0303-UNCIP,0,0.6292857777925526,0.37071422220744743
645,0305-SQECB,0,0.9503688426186306,0.049631157381369334
646,0308-IVGOK,0,0.5936030613766334,0.4063969386233666
647,0310-SUCIN,1,0.2929021189561434,0.7070978810438566
648,0334-ZFJSR,1,0.41702814835732127,0.5829718516426787
649,0373-AIVNJ,0,0.6769645307475398,0.3230354692524602
650,0378-XSZPU,0,0.9603349646472576,0.039665035352742344
651,0384-LPITE,1,0.48140314996973477,0.5185968500302652
652,0440-MOGPM,1,0.2638227253758355,0.7361772746241645
653,0471-LVHGK,0,0.9732191571871136,0.02678084281288634
654,0484-FFVBJ,0,0.9578842831895018,0.04211571681049817
655,0489-WMEMG,1,0.4940630093715832,0.5059369906284168
656,0496-AHOOK,1,0.16077945119302695,0.839220548806973
657,0533-UCAAU,0,0.9902573798953637,0.009742620104636356
658,0557-ASKVU,0,0.8979518463779415,0.1020481536220586
659,0565-IYCGT,0,0.6546731962047742,0.34532680379522585
660,0607-MVMGC,0,0.8779725478132975,0.12202745218670256
661,0628-CNQRM,0,0.9707969781728272,0.02920302182717288
662,0635-WKOLD,1,0.4015744635234755,0.5984255364765245
663,0654-PQKDW,0,0.88536299287713,0.11463700712286995
664,0657-DOGUM,0,0.9061288929755942,0.09387110702440578
665,0661-KBKPA,1,0.45709043863540866,0.5429095613645913
666,0661-WCQNQ,0,0.7490793715910818,0.25092062840891816
667,0667-NSRGI,0,0.9720417196714618,0.02795828032853817
668,0679-TDGAK,0,0.8987377136988903,0.10126228630110962
669,0687-ZVTHB,0,0.9915934143511169,0.008406585648883079
670,0723-FDLAY,0,0.9596705396620621,0.04032946033793798
671,0723-VSOBE,0,0.8037609554869447,0.19623904451305524
672,0725-CXOTM,0,0.6998876624726857,0.30011233752731425
673,0743-HNPFG,1,0.27306204221349595,0.726937957786504
674,0743-HRVFF,0,0.8121523985569489,0.1878476014430511
675,0756-MPZRL,0,0.8833702239201722,0.11662977607982787
676,0810-BDHAW,0,0.7636207520963914,0.23637924790360867
677,0810-DHDBD,0,0.7313667913383727,0.2686332086616273
678,0840-DCNZE,1,0.29427597269084416,0.7057240273091558
679,0866-QLSIR,0,0.8942644055672986,0.1057355944327014
680,0872-CASZJ,0,0.572983532617702,0.42701646738229804
681,0895-LMRSF,0,0.9562048307106946,0.04379516928930537
682,0930-EHUZA,0,0.8725161524884399,0.1274838475115601
683,0946-FKYTX,0,0.8743309607206371,0.1256690392793629
684,0975-UYDTX,1,0.3067758841877548,0.6932241158122452
685,0980-FEXWF,0,0.9929719298099583,0.007028070190041669
686,0983-TATYJ,0,0.9660705542458271,0.033929445754172935
687,0993-OSGPT,0,0.7049533771803211,0.2950466228196789
688,1032-MAELW,0,0.8229052258094353,0.17709477419056474
689,1042-HFUCW,0,0.9466716903510743,0.05332830964892567
690,1088-CNNKB,1,0.42751478177569513,0.5724852182243049
691,1094-BKOSX,0,0.7643008174390896,0.23569918256091035
692,1099-BTKWT,0,0.581790462296974,0.41820953770302605
693,1121-QSIVB,0,0.9747207069413922,0.025279293058607728
694,1122-YJBCS,0,0.7142779067645916,0.2857220932354084
695,1136-XGEQU,0,0.9734543499877225,0.02654565001227754
696,1137-DGOWI,0,0.9971248448092407,0.0028751551907593457
697,1153-GNOLC,0,0.8396252808603023,0.1603747191396977
698,1154-HYWWO,1,0.3015663562101786,0.6984336437898214
699,1177-XZBJL,0,0.9626644855423274,0.037335514457672525
700,1183-CANVH,0,0.8832436006110438,0.11675639938895621
701,1208-DNHLN,0,0.9907658815302546,0.009234118469745393
702,1264-FUHCX,0,0.714475897566726,0.285524102433274
703,1265-HVPZB,0,0.9925382531118786,0.007461746888121403
704,1282-IHQAC,1,0.4665183667824113,0.5334816332175887
705,1301-LOPVR,0,0.9964208801005698,0.0035791198994301176
706,1309-XGFSN,1,0.4977867653713014,0.5022132346286986
707,1337-BOZWO,0,0.7942708357501673,0.20572916424983273
708,1338-CECEE,1,0.35311080044958243,0.6468891995504176
709,1353-GHZOS,0,0.7593650632142279,0.2406349367857721
710,1371-WEPDS,0,0.9678545212321521,0.03214547876784796
711,1389-WNUIB,1,0.389171858431012,0.610828141568988
712,1397-XKKWR,0,0.9802576855267067,0.019742314473293294
713,1402-PTHGN,0,0.9151358563202936,0.08486414367970646
714,1430-SFQSA,0,0.5773737093574769,0.42262629064252316
715,1474-JUWSM,0,0.9922849514234496,0.007715048576550325
716,1492-KGETH,1,0.35937565808320093,0.6406243419167991
717,1534-OULXE,0,0.9906682128166372,0.009331787183362791
718,1536-YHDOE,0,0.968388071416092,0.03161192858390799
719,1544-JJMYL,0,0.6122525915990613,0.3877474084009387
720,1623-NLDOT,0,0.9767613457901616,0.023238654209838432
721,1661-CZBAU,0,0.9399858820688012,0.06001411793119884
722,1696-MZVAU,0,0.8922976435894847,0.1077023564105153
723,1699-HPSBG,0,0.9810846351993416,0.01891536480065841
724,1708-PBBOA,0,0.8732607073789672,0.12673929262103278
725,1729-VLAZJ,0,0.8899090886553576,0.11009091134464238
726,1752-OZXFY,0,0.9443484311922264,0.055651568807773596
727,1834-ABKHQ,1,0.3261535967174646,0.6738464032825354
728,1840-BIUOG,0,0.974168035614918,0.0258319643850819
729,1866-DIOQZ,0,0.9747596105788078,0.025240389421192215
730,1866-NXPSP,0,0.9647107674590546,0.035289232540945376
731,1877-HKBQX,0,0.9403962555906081,0.05960374440939187
732,1898-JSNDC,0,0.9844183276078552,0.015581672392144847
733,1921-KYSAY,0,0.9214076243949054,0.07859237560509458
734,1925-LFCZZ,0,0.5260405120487593,0.47395948795124065
735,1929-ZCBHE,0,0.8527941194248575,0.1472058805751425
736,2027-DNKIV,0,0.652031576842055,0.347968423157945
737,2039-JONDJ,1,0.43568921100811,0.56431078899189
738,2054-PJOCK,1,0.3644313114246769,0.6355686885753231
739,2055-BFOCC,0,0.9453126154891232,0.054687384510876874
740,2065-MMKGR,0,0.9963297363101314,0.0036702636898685217
741,2073-QBVBI,0,0.6328347729587906,0.3671652270412093
742,2137-DQMEV,0,0.9215782474559014,0.07842175254409858
743,2144-ESWKO,0,0.7068327473584969,0.2931672526415031
744,2150-WLKUW,0,0.8082201585854667,0.19177984141453333
745,2157-MXBJS,0,0.8060115651282187,0.19398843487178127
746,2188-SXWVT,0,0.9081209877839761,0.09187901221602389
747,2212-LYASK,0,0.9742324652413279,0.02576753475867205
748,2233-TXSIU,1,0.38532497302235114,0.6146750269776489
749,2239-CGBUZ,0,0.6074292136575135,0.39257078634248654
750,2259-OUUSZ,0,0.6949803091797574,0.3050196908202426
751,2282-YGNOR,0,0.9202855674978007,0.07971443250219935
752,2292-XQWSV,0,0.9498012525266981,0.05019874747330194
753,2316-ESMLS,1,0.45747295499017016,0.5425270450098298
754,2321-OMBXY,0,0.9830430835262475,0.016956916473752522
755,2325-ZUSFD,0,0.825816591556068,0.17418340844393201
756,2348-KCJLT,1,0.25760869590042745,0.7423913040995725
757,2361-FJWNO,1,0.44019706444107587,0.5598029355589241
758,2361-UPSND,0,0.9830324620185619,0.01696753798143811
759,2364-UFROM,0,0.9272802191613162,0.07271978083868381
760,2391-IPLOP,0,0.9338564610306628,0.06614353896933726
761,2405-LBMUW,0,0.6216683947583299,0.3783316052416701
762,2430-RRYUW,0,0.9585415285391603,0.04145847146083975
763,2450-ZKEED,1,0.23293642199895936,0.7670635780010406
764,2453-SAFNS,0,0.7831479302940694,0.21685206970593057
765,2483-XSSMZ,0,0.6869397383073379,0.31306026169266216
766,2486-WYVVE,1,0.32836324571307973,0.6716367542869203
767,2511-MORQY,0,0.9615845410698735,0.038415458930126524
768,2519-TWKFS,0,0.5835988908035726,0.41640110919642737
769,2522-WLNSF,1,0.2853353212414437,0.7146646787585563
770,2541-YGPKE,0,0.9006813969885898,0.09931860301141011
771,2546-KZAAT,0,0.5997459077984155,0.4002540922015844
772,2550-AEVRU,0,0.5247091390291672,0.4752908609708329
773,2577-GVSIL,0,0.657622111763367,0.34237788823663295
774,2580-ATZSQ,0,0.9508106612714017,0.04918933872859831
775,2581-VKIRT,0,0.9826785827921726,0.01732141720782747
776,2599-CZABP,1,0.38510657401104764,0.6148934259889524
777,2606-PKWJB,0,0.8104786572421294,0.18952134275787064
778,2634-HCZGT,0,0.6014325236887558,0.39856747631124423
779,2639-UGMAZ,0,0.7185183380363683,0.28148166196363167
780,2680-XKKNJ,1,0.332197369411002,0.667802630588998
781,2703-AMTUL,0,0.995342711783425,0.0046572882165749644
782,2724-FJDYW,1,0.28016158596076624,0.7198384140392338
783,2725-IWWBA,1,0.3856606498798796,0.6143393501201204
784,2746-DIJLO,0,0.9950977787246987,0.004902221275301236
785,2794-XIMMO,1,0.44108013906303556,0.5589198609369644
786,2812-ENYMO,0,0.7221183562227,0.2778816437773
787,2834-JKOOW,0,0.9428274511772889,0.05717254882271104
788,2851-STERV,0,0.898320315720263,0.1016796842797369
789,2858-MOFSQ,0,0.9520533527526236,0.047946647247376364
790,2877-VDUER,1,0.3650369950736123,0.6349630049263877
791,2890-WFBHU,0,0.7304076824103365,0.26959231758966345
792,2898-LSJGD,1,0.40486923820417253,0.5951307617958275
793,2911-IJORQ,0,0.8419632453930805,0.1580367546069195
794,2925-MXLSX,0,0.8763734782556185,0.12362652174438143
795,2969-VAPYH,0,0.7235159487432501,0.27648405125674996
796,2969-WGHQO,0,0.994036084552411,0.005963915447589029
797,2988-PLAHS,0,0.940549078984537,0.059450921015462996
798,3021-VLNRJ,0,0.517669802160194,0.482330197839806
799,3026-ATZYV,0,0.82654457959549,0.17345542040451004
800,3034-ZBEQN,0,0.8227487449128166,0.1772512550871834
801,3055-VTCGS,0,0.9513092701334678,0.048690729866532244
802,3067-SVMTC,0,0.7595389207731028,0.24046107922689722
803,3069-SSVSN,0,0.7713197863864184,0.22868021361358157
804,3137-NYQQI,0,0.9807201634723156,0.01927983652768442
805,3161-ONRWK,0,0.9824687156602034,0.017531284339796505
806,3164-AALRN,0,0.6323192284556034,0.36768077154439655
807,3181-VTHOE,0,0.6381677435367263,0.36183225646327366
808,3205-MXZRA,0,0.7976756617495684,0.20232433825043156
809,3229-USWAR,0,0.9914133402795936,0.008586659720406384
810,3230-WYKIR,0,0.7207581197470347,0.2792418802529653
811,3275-RHRNE,1,0.3979050584965037,0.6020949415034963
812,3282-ZISZV,0,0.8920313032948197,0.10796869670518028
813,3315-IKYZQ,0,0.6606996105770802,0.3393003894229199
814,3340-QBBFM,0,0.7546078594207867,0.24539214057921335
815,3354-OADJP,0,0.8937974389025127,0.1062025610974873
816,3401-URHDA,0,0.9948757013701578,0.005124298629842239
817,3417-TSCIC,0,0.8036401263317903,0.19635987366820978
818,3422-WJOYD,0,0.9398831432551934,0.06011685674480657
819,3441-CGZJH,0,0.8847031437463253,0.1152968562536747
820,3442-ZHHCC,0,0.7327774438268463,0.2672225561731537
821,3468-DRVQJ,1,0.46603386707253946,0.5339661329274605
822,3482-ABPKK,0,0.5915553545099586,0.4084446454900414
823,3487-EARAT,0,0.976009081307282,0.023990918692717956
824,3489-VSFRD,0,0.9143525908633279,0.08564740913667215
825,3523-QRQLL,0,0.9826903292399454,0.01730967076005467
826,3551-GAEGL,0,0.9613185529509729,0.03868144704902709
827,3569-VLDHH,1,0.29784600014850293,0.7021539998514971
828,3585-YNADK,0,0.620682311468334,0.37931768853166603
829,3594-UVONA,0,0.6925626878361784,0.3074373121638216
830,3605-JISKB,0,0.8967011268389483,0.1032988731610517
831,3606-SBKRY,0,0.9919849851735512,0.008015014826448785
832,3633-CDBUW,1,0.41289101912557447,0.5871089808744255
833,3638-DIMPH,0,0.8882729364639719,0.11172706353602818
834,3648-GZPHF,0,0.7925376316123718,0.20746236838762827
835,3658-QQJYD,0,0.9621920567332584,0.03780794326674166
836,3696-XRIEN,0,0.8620536466078588,0.1379463533921412
837,3727-OWVYD,0,0.5174019817398852,0.4825980182601149
838,3739-YBWAB,0,0.6479838948867935,0.3520161051132064
839,3740-RLMVT,0,0.9487352056956393,0.05126479430436071
840,3800-LYTRK,0,0.5959730448246559,0.4040269551753442
841,3850-OKINF,0,0.7849258660293867,0.21507413397061323
842,3863-IUBJR,0,0.9183206144176922,0.08167938558230779
843,3898-BSJYF,0,0.6245149635095788,0.37548503649042125
844,3915-ODIYG,0,0.8003657175117008,0.1996342824882992
845,3926-YZVVX,0,0.9971938837803699,0.0028061162196301513
846,3941-XTSKM,0,0.9520253981237516,0.04797460187624833
847,3950-VPYJB,0,0.9779857218323754,0.022014278167624614
848,3957-HHLMR,0,0.5849694597027906,0.4150305402972095
849,4000-VGMQP,0,0.8729396360698773,0.12706036393012268
850,4003-OCTMP,0,0.970487992199398,0.029512007800602043
851,4023-RTIQM,0,0.9825673988692859,0.017432601130714116
852,4032-RMHCI,1,0.4555292241024307,0.5444707758975693
853,4081-DYXAV,0,0.790016533830247,0.209983466169753
854,4086-ATNFV,0,0.9971735283753973,0.0028264716246026744
855,4091-TVOCN,0,0.9929359800724786,0.007064019927521332
856,4106-HADHQ,1,0.36848591782830475,0.6315140821716952
857,4114-QMKVN,0,0.9196622046622305,0.08033779533776958
858,4115-UMJFQ,0,0.5189565886763792,0.4810434113236208
859,4123-FCVCB,0,0.9879383585546602,0.01206164144533984
860,4135-FRWKJ,1,0.3548361536848874,0.6451638463151126
861,4174-LPGTI,1,0.21028147153508592,0.7897185284649141
862,4186-ZBUEW,0,0.8721325271607051,0.12786747283929487
863,4189-NAKJS,0,0.9920953306667173,0.00790466933328275
864,4198-VFOEA,0,0.9023429502288435,0.09765704977115651
865,4223-BKEOR,0,0.9782773160681663,0.021722683931833735
866,4227-OJHAL,1,0.2977568787489496,0.7022431212510504
867,4291-HYEBC,1,0.37701879255340476,0.6229812074465952
868,4322-RCYMT,0,0.7034710368727353,0.2965289631272647
869,4328-VUFWD,0,0.5369287787331617,0.4630712212668383
870,4342-HFXWS,1,0.41284129072688036,0.5871587092731196
871,4369-NYSCF,0,0.9959036627955627,0.004096337204437236
872,4404-HIBDJ,0,0.877594475811121,0.12240552418887893
873,4415-WNGVR,1,0.4642444563752125,0.5357555436247875
874,4445-KWOKW,0,0.5140632028631396,0.4859367971368604
875,4501-UYKBC,1,0.4245788340656198,0.5754211659343802
876,4508-OEBEY,0,0.6269008860337664,0.37309911396623363
877,4522-XRWWI,0,0.8774686482626621,0.12253135173733784
878,4544-RXFMG,0,0.8330196752523762,0.16698032474762384
879,4547-FZJWE,1,0.4561068859455757,0.5438931140544243
880,4549-ZDQYY,0,0.9572167729859824,0.042783227014017614
881,4560-WQAQW,0,0.9838884809704067,0.016111519029593294
882,4565-EVZMJ,1,0.4242997398618813,0.5757002601381187
883,4576-CSAJH,0,0.8541844766907927,0.14581552330920733
884,4578-PHJYZ,0,0.7658159270087936,0.2341840729912063
885,4598-ZADCK,0,0.5365601377189237,0.46343986228107625
886,4611-ANLQC,1,0.42362405254633606,0.5763759474536639
887,4626-OZDTJ,0,0.9503812814884847,0.04961871851151536
888,4632-XJMEX,0,0.5644093846875741,0.43559061531242593
889,4636-OLWOE,0,0.9907685190105348,0.009231480989465293
890,4644-PIZRT,0,0.983176011761663,0.016823988238336956
891,4654-GGUII,1,0.22148863167801314,0.7785113683219869
892,4667-QONEA,0,0.5251344104292278,0.4748655895707722
893,4682-BLBUC,1,0.3130027097935424,0.6869972902064576
894,4700-UBQMV,0,0.7290145235729169,0.2709854764270831
895,4702-HDRKD,0,0.9939842938159718,0.006015706184028253
896,4730-AWNAU,0,0.7350313886431203,0.2649686113568796
897,4759-PXTAN,0,0.9860184391182897,0.013981560881710327
898,4776-XSKYQ,0,0.9954641716819047,0.004535828318095292
899,4785-QRJHC,0,0.8541161826063178,0.14588381739368214
900,4808-YNLEU,0,0.9649081380526785,0.03509186194732152
901,4825-XJGDM,0,0.6952143163305932,0.30478568366940684
902,4826-DXMUP,0,0.8986349218736158,0.1013650781263842
903,4872-VXRIL,1,0.32973326002261205,0.670266739977388
904,4877-TSOFF,0,0.6238130041556712,0.3761869958443288
905,4890-VMUAV,0,0.9976849111017309,0.002315088898269109
906,4903-CNOZC,1,0.490723372042442,0.509276627957558
907,4905-JEFDW,0,0.9259383215972438,0.07406167840275621
908,4906-ZHGPK,0,0.9443520668790506,0.055647933120949365
909,4942-VZZOM,0,0.9723043523425132,0.02769564765748675
910,4957-TIALW,0,0.998074007671949,0.0019259923280510191
911,4973-RLZVI,0,0.9233927300067022,0.07660726999329785
912,4999-IEZLT,0,0.7471541837852296,0.2528458162147705
913,5020-ZSTTY,0,0.9968721222062497,0.0031278777937503214
914,5032-USPKF,1,0.2959439445043687,0.7040560554956313
915,5049-MUBWG,0,0.6327628371193279,0.36723716288067204
916,5062-CJJKH,1,0.2612564136006743,0.7387435863993257
917,5073-RZGBK,0,0.8781329521293821,0.12186704787061789
918,5081-NWSUP,1,0.4548829318774925,0.5451170681225075
919,5120-ZBLAI,0,0.8867294231599627,0.1132705768400373
920,5125-CNDSP,1,0.3228261063682748,0.6771738936317252
921,5127-BZENZ,0,0.7319683056064317,0.26803169439356833
922,5160-UXJED,1,0.45211937590905205,0.547880624090948
923,5170-PTRKA,0,0.958094824251436,0.04190517574856401
924,5196-WPYOW,0,0.881926223125003,0.11807377687499696
925,5199-FPUSP,0,0.9808000614556668,0.01919993854433323
926,5203-XEHAX,0,0.877012769172369,0.12298723082763102
927,5204-HMGYF,0,0.5718163629874976,0.4281836370125024
928,5245-VDBUR,0,0.9523641351948802,0.04763586480511985
929,5269-NRGDP,0,0.5611253856868121,0.4388746143131878
930,5294-CDGWY,0,0.9449042606838725,0.05509573931612749
931,5306-BVTKJ,0,0.686823220082585,0.31317677991741505
932,5315-CKEQK,0,0.9883329486692832,0.011667051330716816
933,5386-THSLQ,0,0.9455778760306058,0.0544221239693942
934,5387-ASZNZ,1,0.34765934465366977,0.6523406553463302
935,5446-DKWYW,0,0.6727800278377531,0.3272199721622469
936,5498-IBWPI,1,0.3837065779566784,0.6162934220433216
937,5499-ECUTN,1,0.18254311127621803,0.817456888723782
938,5524-KHNJP,1,0.1882359612073924,0.8117640387926076
939,5575-GNVDE,0,0.9645214739728387,0.03547852602716128
940,5640-CAXOA,0,0.9596759285020761,0.04032407149792399
941,5701-GUXDC,1,0.3428055867066072,0.6571944132933928
942,5724-BIDBU,0,0.8539163453039104,0.14608365469608964
943,5753-QQWPW,0,0.8861364556302308,0.11386354436976923
944,5756-JYOJT,1,0.48276048989358844,0.5172395101064116
945,5756-OZRIO,0,0.9963524499322868,0.003647550067713205
946,5777-KJIRB,1,0.475903277109755,0.524096722890245
947,5791-KAJFD,1,0.3278298992933264,0.6721701007066736
948,5795-BKOYE,0,0.8849695581947222,0.1150304418052778
949,5815-HGGHV,1,0.42225316756946196,0.577746832430538
950,5820-PTRYM,0,0.9391309494917531,0.06086905050824685
951,5825-XJOCM,0,0.9935049067941907,0.006495093205809327
952,5829-NVSQN,0,0.9242676016584254,0.07573239834157468
953,5832-TRLPB,0,0.5543963172231285,0.4456036827768715
954,5837-LXSDN,1,0.373210178146157,0.626789821853843
955,5844-QVTAT,0,0.6062799995139192,0.39372000048608075
956,5872-OEQNH,0,0.965516588950327,0.03448341104967297
957,5906-CVLHP,0,0.9854974388160552,0.014502561183944803
958,5906-DVAPM,0,0.7883753083980953,0.21162469160190472
959,5915-DGNVC,1,0.49434459445341294,0.5056554055465871
960,5944-UGLLK,0,0.9768732941441934,0.02312670585580657
961,5975-BAICR,0,0.5266158675451478,0.47338413245485217
962,5985-TBABQ,1,0.3574215850078726,0.6425784149921274
963,5989-OMNJE,1,0.45607278978038435,0.5439272102196157
964,6008-NAIXK,0,0.7816062552028429,0.2183937447971571
965,6047-SUHPR,0,0.8150924213894039,0.18490757861059612
966,6061-GWWAV,1,0.4877064197617611,0.5122935802382389
967,6064-PUPMC,1,0.3054096054405927,0.6945903945594073
968,6094-ZIVKX,1,0.251752200294758,0.748247799705242
969,6114-TCFID,0,0.9109753958375456,0.08902460416245435
970,6121-TNHBO,0,0.5931362686929327,0.40686373130706727
971,6152-ONASV,0,0.7886284141616966,0.21137158583830346
972,6158-DWPZT,0,0.9432850038370303,0.05671499616296972
973,6161-ERDGD,1,0.45029220881292087,0.5497077911870791
974,6174-NRBTZ,0,0.9970856657725027,0.002914334227497283
975,6194-HBGQN,0,0.7693178182286405,0.23068218177135946
976,6195-MELTI,0,0.8920546043797112,0.10794539562028883
977,6229-UOLQL,0,0.810889240757299,0.18911075924270102
978,6252-DFGTK,0,0.9963505798855316,0.0036494201144684282
979,6253-WRFHY,0,0.9784051708173845,0.02159482918261544
980,6261-RCVNS,0,0.5936499216956674,0.40635007830433256
981,6281-FKEWS,0,0.9927907395842562,0.007209260415743775
982,6289-CPNLD,0,0.9423685245694292,0.05763147543057084
983,6296-DDOOR,0,0.7545906779561251,0.24540932204387483
984,6302-JGYRJ,0,0.9922651845389386,0.007734815461061307
985,6303-KFWSL,0,0.7207808589460366,0.2792191410539634
986,6332-FBZRI,0,0.8420017955616989,0.15799820443830112
987,6341-JVQGF,1,0.20751685017242016,0.7924831498275798
988,6352-GIGGQ,1,0.4289613740180943,0.5710386259819057
989,6388-TABGU,0,0.5375478167388081,0.46245218326119186
990,6402-SSEJG,0,0.6325344911249664,0.36746550887503354
991,6416-JNVRK,0,0.7610902824133159,0.2389097175866841
992,6440-DKQGE,0,0.5543812957954529,0.4456187042045471
993,6461-PPAXN,0,0.7208269369506723,0.2791730630493276
994,6478-HRRCZ,0,0.7943497296163101,0.20565027038368985
995,6481-LXPWL,0,0.8340081577783718,0.16599184222162827
996,6537-OTKMY,0,0.9789480084946754,0.0210519915053245
997,6543-JXSOO,0,0.9692171566373432,0.030782843362656798
998,6574-MCOEH,0,0.8784163044459796,0.12158369555402042
999,6576-FBXOJ,0,0.9976148525206718,0.0023851474793281356
1000,6584-VQMYT,0,0.6516693598576977,0.3483306401423023
1001,6586-PSJOX,0,0.9255590131180218,0.07444098688197814
1002,6598-KELSS,0,0.8341150263995751,0.1658849736004249
1003,6635-MYYYZ,0,0.8576152822222479,0.14238471777775205
1004,6663-JOCQO,0,0.9273865578231726,0.07261344217682743
1005,6682-VCIXC,0,0.6442815999180055,0.3557184000819945
1006,6685-GBWJZ,0,0.9489495455389062,0.05105045446109384
1007,6693-DJWTY,0,0.8509078743446628,0.14909212565533722
1008,6718-BDGHG,0,0.9736229385065791,0.026377061493420933
1009,6728-CZFEI,0,0.9831601049019769,0.01683989509802307
1010,6738-ISCBM,1,0.3428055867066072,0.6571944132933928
1011,6778-EICRF,0,0.9680367309574467,0.03196326904255326
1012,6778-JFCMK,0,0.9835513848216261,0.016448615178373913
1013,6784-XYJAE,0,0.58456755927602,0.41543244072397995
1014,6810-VCAEX,0,0.9231570381069135,0.07684296189308651
1015,6827-IEAUQ,0,0.992667913625336,0.007332086374663952
1016,6840-RESVB,1,0.4356453194862351,0.5643546805137649
1017,6848-YLDFR,1,0.3665079529183154,0.6334920470816846
1018,6872-HXFNF,1,0.3510266392983453,0.6489733607016547
1019,6933-FHBZC,0,0.9888478634303417,0.011152136569658284
1020,6933-VLYFX,0,0.9648917179810593,0.03510828201894063
1021,6937-GCDGQ,0,0.9216570408202122,0.07834295917978783
1022,6941-KXRRV,0,0.6598189714479581,0.3401810285520419
1023,6967-PEJLL,0,0.6826898619713826,0.31731013802861746
1024,6968-MHOMU,0,0.6691146442159631,0.3308853557840369
1025,6968-URWQU,0,0.8243903308517723,0.17560966914822773
1026,6981-TDRFT,1,0.3611777462051554,0.6388222537948446
1027,6992-TKNYO,1,0.28323258379090854,0.7167674162090915
1028,6994-ORCWG,0,0.6595666568154155,0.34043334318458457
1029,7013-PSXHK,1,0.3796303890504046,0.6203696109495954
1030,7029-IJEJK,0,0.98119776372772,0.018802236272279966
1031,7032-LMBHI,0,0.7954478778168501,0.20455212218314986
1032,7049-GKVZY,0,0.8363932225264529,0.16360677747354715
1033,7089-XXAYG,0,0.9936862595411919,0.00631374045880804
1034,7100-FQPRV,0,0.8999253047337576,0.10007469526624235
1035,7102-JJVTX,0,0.9943189702251114,0.005681029774888609
1036,7103-ZGVNT,0,0.5756392793592084,0.4243607206407915
1037,7105-BENQF,0,0.787741574260737,0.21225842573926298
1038,7105-MXJLL,0,0.5972918296516563,0.4027081703483437
1039,7108-DGVUU,0,0.6423095309414825,0.35769046905851754
1040,7136-RVDTZ,1,0.24987201640706957,0.7501279835929304
1041,7153-CHRBV,0,0.8518446538351456,0.14815534616485443
1042,7156-MXBJE,0,0.7750314716819467,0.22496852831805325
1043,7163-OCEQI,0,0.9544832645972745,0.04551673540272545
1044,7184-LRUUR,0,0.9809629314970695,0.01903706850293047
1045,7228-PAQPD,0,0.9839372409695989,0.016062759030401077
1046,7244-QWYHG,0,0.8351812114894687,0.1648187885105313
1047,7247-XOZPB,0,0.682627551477579,0.3173724485224209
1048,7269-JISCY,1,0.2226437307405218,0.7773562692594782
1049,7285-KLOTR,0,0.6712905682463908,0.3287094317536092
1050,7325-ENZFI,0,0.7493300747932709,0.25066992520672915
1051,7336-RLLRH,0,0.8576685006828972,0.14233149931710273
1052,7338-ERIVA,0,0.7232610136835611,0.27673898631643895
1053,7445-WMRBW,1,0.46597244535870785,0.5340275546412921
1054,7470-DYNOE,0,0.9858157755347784,0.01418422446522163
1055,7471-MQPOS,0,0.6672806913907188,0.33271930860928123
1056,7508-KBIMB,1,0.24720546072621763,0.7527945392737824
1057,7541-YLXCL,0,0.6114272587562877,0.3885727412437123
1058,7576-ASEJU,1,0.47517979159465284,0.5248202084053472
1059,7581-EBBOU,0,0.9601479805158601,0.03985201948413986
1060,7614-QVWQL,1,0.4754570650436294,0.5245429349563706
1061,7619-PLRLP,1,0.4904893238418814,0.5095106761581186
1062,7629-WIXZF,0,0.9671179841821548,0.03288201581784518
1063,7636-PEPNS,1,0.32426342054770685,0.6757365794522932
1064,7657-DYEPJ,0,0.9743897500377809,0.02561024996221902
1065,7670-ZBPOQ,0,0.7701074653323008,0.22989253466769924
1066,7673-LPRNY,0,0.5770820184983456,0.4229179815016543
1067,7690-KPNCU,0,0.9641098192669818,0.035890180733018154
1068,7696-AMHOD,0,0.6111899415953324,0.38881005840466765
1069,7711-YIJWC,0,0.9878797672418134,0.012120232758186624
1070,7746-QYVCO,0,0.9575182095122544,0.042481790487745565
1071,7750-EYXWZ,0,0.5673224650366495,0.43267753496335043
1072,7753-USQYQ,0,0.7643367503553515,0.23566324964464846
1073,7781-EWARA,1,0.4051576340827403,0.5948423659172597
1074,7795-CFOCW,1,0.3518784499127998,0.6481215500872002
1075,7801-CEDNV,0,0.7055056495147506,0.2944943504852494
1076,7833-PKIHD,0,0.8766735213221998,0.1233264786778002
1077,7838-LAZFO,0,0.8756957629016504,0.12430423709834956
1078,7841-FCRQD,0,0.9498412888335608,0.050158711166439274
1079,7868-BGSZA,0,0.8469892997919202,0.15301070020807986
1080,7876-AEHIG,1,0.3359435891461099,0.6640564108538901
1081,7901-IIDQV,0,0.9716734881984203,0.028326511801579787
1082,7919-ZODZZ,0,0.552916058175831,0.44708394182416905
1083,7931-PXHFC,0,0.9949890758796354,0.005010924120364682
1084,7945-HLKEA,0,0.9964162258280622,0.0035837741719377267
1085,7951-VRDVK,0,0.5467341321170531,0.45326586788294687
1086,7994-XIRTR,0,0.9961174717754738,0.003882528224526206
1087,7995-ZHHNZ,0,0.8875926276165398,0.11240737238346023
1088,8016-ZMGMO,0,0.7361397576985299,0.2638602423014701
1089,8035-BUYVG,0,0.5121767482149697,0.4878232517850303
1090,8050-WYBND,0,0.8143955510439019,0.1856044489560981
1091,8050-XGRVL,0,0.6720923692238334,0.3279076307761666
1092,8080-POTJR,0,0.9964846842755678,0.003515315724432227
1093,8097-OMULG,0,0.9901208762997884,0.009879123700211616
1094,8109-YUOHE,0,0.637934325814131,0.36206567418586894
1095,8124-NZVGJ,0,0.7604762047530736,0.23952379524692635
1096,8184-WMOFI,0,0.8271879837836112,0.17281201621638878
1097,8190-ZTQFB,0,0.8431430384177001,0.15685696158229995
1098,8200-KLNYW,0,0.7712658490810564,0.2287341509189436
1099,8205-OTCHB,0,0.9785022836804704,0.021497716319529604
1100,8220-OCUFY,0,0.513693261509743,0.48630673849025696
1101,8224-UAXBZ,0,0.9800266605477209,0.019973339452279037
1102,8259-DZLIZ,0,0.5375526236188142,0.46244737638118577
1103,8292-FRFZQ,0,0.5115706655665018,0.48842933443349823
1104,8314-DPQHL,1,0.32824043544954773,0.6717595645504523
1105,8318-LCNBW,1,0.3266040976917761,0.6733959023082239
1106,8319-QBEHW,0,0.9245985264113318,0.07540147358866825
1107,8328-SKJNO,1,0.4647057811560338,0.5352942188439662
1108,8331-ZXFOE,1,0.2967296825007094,0.7032703174992906
1109,8383-SGHJU,0,0.910193309915467,0.08980669008453304
1110,8409-WQJUX,0,0.9906688313258257,0.009331168674174314
1111,8469-SNFFH,0,0.8583777091036588,0.14162229089634115
1112,8550-XSXUQ,0,0.9895459304879484,0.010454069512051585
1113,8559-CIZFV,1,0.18328662533967466,0.8167133746603253
1114,8563-IIOXK,0,0.6371292671033808,0.36287073289661914
1115,8570-KLJYJ,1,0.4749391109545389,0.5250608890454611
1116,8597-CTXVJ,0,0.9276025042454324,0.0723974957545676
1117,8608-OZTLB,0,0.8371443746507803,0.16285562534921966
1118,8627-EHGIP,0,0.9773882433225822,0.022611756677417758
1119,8668-KNZTI,1,0.4095974955375282,0.5904025044624718
1120,8672-OAUPW,0,0.8002202633112762,0.19977973668872384
1121,8680-CGLTP,0,0.9652686480948828,0.03473135190511718
1122,8690-UPCZI,0,0.5484383149261635,0.45156168507383654
1123,8738-JOKAR,0,0.9168724094277843,0.08312759057221579
1124,8745-PVESG,0,0.9930151017119535,0.0069848982880465205
1125,8760-ZRHKE,1,0.2569873742255223,0.7430126257744777
1126,8777-PVYGU,0,0.5435112588067444,0.45648874119325555
1127,8782-NUUOL,0,0.9867836842953087,0.01321631570469133
1128,8788-DOXSU,1,0.430805046739149,0.569194953260851
1129,8821-KVZKQ,1,0.369612958811812,0.630387041188188
1130,8822-KNBHV,0,0.5569936787483843,0.44300632125161565
1131,8845-LWKGE,0,0.958770353130381,0.041229646869619045
1132,8865-TNMNX,1,0.33459114701800885,0.6654088529819912
1133,8869-TORSS,0,0.8929518949993799,0.10704810500062009
1134,8879-ZKJOF,0,0.5118679406572182,0.48813205934278175
1135,8883-GRDWQ,0,0.6885684052909505,0.31143159470904946
1136,8898-KASCD,0,0.9424521981248111,0.057547801875188986
1137,8932-CZHRQ,0,0.9291160567073733,0.0708839432926267
1138,8970-ANWXO,0,0.6250600042949216,0.3749399957050784
1139,8985-OOPOS,0,0.8124994212554938,0.1875005787445062
1140,8996-ZROXE,0,0.9014294740914208,0.09857052590857918
1141,9033-EOXWV,1,0.32941712206426366,0.6705828779357363
1142,9052-DHNKM,0,0.8022001177596816,0.19779988224031847
1143,9055-MOJJJ,0,0.8167815312406328,0.18321846875936718
1144,9060-HJJRW,0,0.8609097934003898,0.13909020659961022
1145,9086-YJYXS,0,0.760876621767455,0.2391233782325451
1146,9107-UKCKY,0,0.905603757754334,0.09439624224566599
1147,9114-AAFQH,0,0.9220367936899978,0.07796320631000225
1148,9127-QRZMH,1,0.3319417684868623,0.6680582315131377
1149,9139-TWBAS,0,0.9838007395776687,0.01619926042233128
1150,9150-HEPMB,0,0.9705595856655093,0.029440414334490753
1151,9199-PWQVC,1,0.4272566584806593,0.5727433415193407
1152,9200-NLNPD,0,0.987311929301829,0.012688070698171024
1153,9207-ZPANB,0,0.9690905743972167,0.030909425602783258
1154,9209-NWPGU,0,0.9141372819253786,0.0858627180746214
1155,9251-WNSOD,0,0.7868520191587759,0.21314798084122408
1156,9253-VIFJQ,0,0.8417572348213379,0.15824276517866206
1157,9289-LBQVU,0,0.7310395141497408,0.2689604858502592
1158,9309-BZGNT,1,0.4161529078105545,0.5838470921894455
1159,9314-QDMDW,0,0.7734627460122867,0.22653725398771332
1160,9330-DHBFL,0,0.9952736148678555,0.004726385132144505
1161,9357-UJRUN,0,0.6509612660729414,0.34903873392705864
1162,9359-UGBTK,0,0.8713636975448488,0.12863630245515126
1163,9378-FXTIZ,0,0.7512488604090013,0.24875113959099865
1164,9388-ZEYVT,0,0.9718408184236071,0.0281591815763928
1165,9411-TPQQV,0,0.5180202134801751,0.48197978651982487
1166,9470-RTWDV,0,0.9418199125696293,0.05818008743037073
1167,9470-YFUYI,1,0.3442110006123891,0.6557889993876109
1168,9473-CBZOP,0,0.9811665783327649,0.018833421667235083
1169,9495-REDIY,0,0.644513602465441,0.3554863975345591
1170,9500-IWPXQ,0,0.8951779318907236,0.10482206810927644
1171,9513-DXHDA,0,0.7127911776588846,0.28720882234111544
1172,9581-GVBXT,0,0.9909261510199083,0.009073848980091706
1173,9592-ERDKV,0,0.7931185409013342,0.20688145909866582
1174,9609-BENEA,1,0.37649364843091615,0.6235063515690838
1175,9619-GSATL,0,0.959818728585696,0.04018127141430406
1176,9640-ZSLDC,1,0.468445266575089,0.531554733424911
1177,9670-BPNXF,0,0.9209630376293081,0.07903696237069195
1178,9677-AVKED,1,0.3525017034699224,0.6474982965300776
1179,9691-HKOVS,1,0.35689591294476253,0.6431040870552375
1180,9702-AIUJO,0,0.9294546212991811,0.07054537870081888
1181,9705-ZJBCG,0,0.5430763601826224,0.4569236398173776
1182,9720-JJJOR,0,0.9885974515491022,0.011402548450897802
1183,9730-DRTMJ,0,0.9957264883513278,0.004273511648672195
1184,9746-YKGXB,0,0.8881930244439155,0.11180697555608458
1185,9750-BOOHV,0,0.9380909655239036,0.06190903447609644
1186,9758-MFWGD,0,0.8291652567274024,0.17083474327259765
1187,9795-VOWON,1,0.40917175865992295,0.590828241340077
1188,9798-DRYDS,0,0.9961201424981064,0.003879857501893605
1189,9803-FTJCG,0,0.6343619174448993,0.3656380825551007
1190,9830-ECLEN,0,0.9830507472466358,0.016949252753364282
1191,9894-QMIMJ,0,0.9765112421876315,0.02348875781236851
1192,9917-KWRBE,1,0.4896396437595145,0.5103603562404855
1193,9931-DCEZH,1,0.3023574991383463,0.6976425008616537
1194,9938-ZREHM,0,0.6582701815327328,0.3417298184672672
1195,9955-QOPOY,1,0.40224928502923263,0.5977507149707674
1196,9968-FFVVH,0,0.8493751089024644,0.15062489109753563
1197,9987-LUTYD,0,0.7721930455929934,0.22780695440700657
1198,0003-MKNFE,0,0.9414249746835013,0.058575025316498705
1199,0013-MHZWF,0,0.5327621605301435,0.46723783946985653
1200,0015-UOCOJ,0,0.856582941128693,0.14341705887130696
1201,0023-HGHWL,0,0.976234640358858,0.023765359641141962
1202,0032-PGELS,0,0.7513803595023028,0.2486196404976972
1203,0067-DKWBL,0,0.5400614143729613,0.4599385856270387
1204,0076-LVEPS,1,0.25415629770433157,0.7458437022956684
1205,0082-LDZUE,1,0.4673658513055,0.5326341486945
1206,0096-BXERS,0,0.9591092355697515,0.040890764430248576
1207,0096-FCPUF,0,0.893762795695814,0.10623720430418605
1208,0106-GHRQR,0,0.741487698109103,0.2585123018908971
1209,0117-LFRMW,0,0.5675896110750545,0.4324103889249455
1210,0128-MKWSG,0,0.8071858988916868,0.19281410110831324
1211,0156-FVPTA,0,0.8650465696323564,0.13495343036764362
1212,0191-ZHSKZ,0,0.977600022711641,0.022399977288358935
1213,0212-ISBBF,0,0.6528934785534845,0.34710652144651555
1214,0222-CNVPT,0,0.9831039906630646,0.016896009336935337
1215,0224-HJAPT,0,0.7161972695923761,0.28380273040762394
1216,0224-RLWWD,1,0.4573638935505068,0.5426361064494932
1217,0228-MAUWC,0,0.66298902559689,0.33701097440310995
1218,0248-IPDFW,0,0.700226212742411,0.299773787257589
1219,0257-KXZGU,0,0.5032412441740122,0.4967587558259879
1220,0260-ZDLGK,0,0.7635106956707547,0.2364893043292453
1221,0274-JKUJR,1,0.4067239373681989,0.5932760626318011
1222,0277-BKSQP,0,0.944291072353757,0.05570892764624302
1223,0282-NVSJS,0,0.8298767515871629,0.17012324841283707
1224,0285-INHLN,0,0.8177995531698532,0.18220044683014683
1225,0289-IVARM,0,0.9002195907064264,0.09978040929357358
1226,0292-WEGCH,0,0.9723437902336849,0.027656209766315103
1227,0295-QVKPB,1,0.47562399776794606,0.5243760022320539
1228,0311-QYWSS,0,0.6449425432868643,0.35505745671313566
1229,0314-TKOSI,0,0.6181115307152746,0.3818884692847254
1230,0319-QZTCO,0,0.5742958963975598,0.42570410360244015
1231,0322-CHQRU,0,0.9621602551702696,0.03783974482973039
1232,0322-YINQP,0,0.7746058618342433,0.2253941381657567
1233,0356-ERHVT,1,0.4353453803999634,0.5646546196000366
1234,0374-AACSZ,0,0.5242174471304659,0.47578255286953414
1235,0374-IOEGQ,0,0.8392438865041797,0.1607561134958203
1236,0375-HVGXO,1,0.4726558740653871,0.5273441259346129
1237,0377-JBKKT,1,0.44219009999434544,0.5578099000056546
1238,0384-RVBPI,0,0.9191521571388588,0.0808478428611412
1239,0396-UKGAI,0,0.9670891476267267,0.03291085237327334
1240,0411-EZJZE,1,0.3734352539575946,0.6265647460424054
1241,0415-MOSGF,1,0.4305894344950797,0.5694105655049203
1242,0420-BWTPW,0,0.9676592131304822,0.03234078686951779
1243,0423-UDIJQ,1,0.3293158765915706,0.6706841234084294
1244,0430-IHCDJ,0,0.9431551735883431,0.056844826411656904
1245,0440-QEXBZ,0,0.9797772232028633,0.020222776797136653
1246,0447-BEMNG,0,0.8390035418171955,0.16099645818280456
1247,0463-ZSDNT,1,0.4650987999001386,0.5349012000998614
1248,0516-WJVXC,0,0.6090590598837966,0.3909409401162034
1249,0523-VNGTF,0,0.9086906298038386,0.0913093701961614
1250,0541-FITGH,1,0.45318191524937557,0.5468180847506244
1251,0550-DCXLH,0,0.9919011955330096,0.008098804466990423
1252,0567-GGCAC,0,0.9887117637753821,0.011288236224617894
1253,0584-BJQGZ,0,0.8732189753535531,0.12678102464644694
1254,0587-DMGBH,0,0.9902128857925678,0.009787114207432177
1255,0601-WZHJF,1,0.4444848340255416,0.5555151659744584
1256,0603-OLQDC,0,0.9887534150248942,0.011246584975105741
1257,0612-RTZZA,0,0.8270443252244315,0.1729556747755685
1258,0616-ATFGB,0,0.7641506564276883,0.23584934357231166
1259,0621-TWIEM,0,0.9496859472753209,0.05031405272467913
1260,0623-GDISB,0,0.9902467418189671,0.00975325818103285
1261,0623-IIHUG,0,0.6150203028790123,0.3849796971209877
1262,0655-YDGFJ,0,0.6834743679635096,0.3165256320364905
1263,0661-XEYAN,0,0.8936413549795498,0.10635864502045024
1264,0668-OGMHD,0,0.6319859158844886,0.3680140841155114
1265,0674-EYYZV,1,0.4086046537593673,0.5913953462406327
1266,0696-UKTOX,1,0.2576791852222692,0.7423208147777308
1267,0699-NDKJM,1,0.3732751165882038,0.6267248834117962
1268,0701-TJSEF,0,0.9747697604936179,0.025230239506382108
1269,0708-LGSMF,0,0.9633250920628166,0.0366749079371834
1270,0708-SJDIS,0,0.9612139913590931,0.038786008640906866
1271,0719-SYFRB,0,0.9406776628960244,0.0593223371039756
1272,0733-VUNUW,0,0.9894021784307641,0.010597821569235978
1273,0734-OXWBT,0,0.991841820720626,0.008158179279374027
1274,0742-MOABM,1,0.4555438596763959,0.5444561403236041
1275,0746-JTRFU,0,0.9869878108816531,0.013012189118346921
1276,0749-IRGQE,1,0.3192721982926007,0.6807278017073993
1277,0774-IFUVM,0,0.5562322706854902,0.4437677293145098
1278,0778-NELLA,0,0.9171310019110405,0.08286899808895958
1279,0786-VSSUD,1,0.28858512795343005,0.71141487204657
1280,0799-DDIHE,0,0.9939763083116602,0.006023691688339772
1281,0804-XBFBV,0,0.9831172283478177,0.01688277165218238
1282,0807-ZABDG,0,0.7449793166141143,0.2550206833858856
1283,0811-GSDTP,0,0.9598410789227283,0.04015892107727175
1284,0817-HSUSE,0,0.6413638819196489,0.3586361180803511
1285,0820-FNRNX,0,0.9644743248231413,0.03552567517685871
1286,0822-GAVAP,1,0.4820829389038451,0.5179170610961549
1287,0822-QGCXA,1,0.37657268384919695,0.623427316150803
1288,0823-HSCDJ,0,0.7152704083314096,0.2847295916685903
1289,0836-SEYLU,0,0.9616403036081409,0.03835969639185912
1290,0841-NULXI,0,0.6971685249199041,0.3028314750800959
1291,0842-IWYCP,1,0.44233336348389596,0.557666636516104
1292,0851-DFJKB,0,0.7391310356678016,0.2608689643321984
1293,0856-NAOES,0,0.7888812982722897,0.21111870172771025
1294,0867-LDTTC,0,0.9860535755778257,0.013946424422174296
1295,0870-VEMYL,0,0.950636321707671,0.049363678292329
1296,0872-JCPIB,0,0.95785726570702,0.042142734292980016
1297,0887-HJGAR,1,0.39905551202659983,0.6009444879734002
1298,0909-SDHNU,0,0.5624587339311761,0.43754126606882393
1299,0928-JMXNP,0,0.9137510420071726,0.08624895799282736
1300,0929-HYQEW,0,0.9825594943133679,0.017440505686632166
1301,0939-EREMR,0,0.7696885110252916,0.2303114889747084
1302,0953-LGOVU,0,0.7819942370671068,0.21800576293289317
1303,0975-VOOVL,0,0.7752871779901525,0.22471282200984755
1304,0980-PVMRC,0,0.6793347094017257,0.3206652905982743
1305,0988-JRWWP,0,0.9082751602311301,0.09172483976886996
1306,0991-BRRFB,0,0.7530005737019871,0.24699942629801286
1307,0997-YTLNY,0,0.9490601558721341,0.050939844127865876
1308,0999-QXNSA,1,0.49212836902578216,0.5078716309742178
1309,1024-GUALD,1,0.27187943207665133,0.7281205679233487
1310,1036-GUDCL,0,0.9457802521288972,0.05421974787110283
1311,1049-FYSYG,0,0.930436906509558,0.06956309349044199
1312,1078-TDCRN,0,0.5180637712377602,0.48193622876223985
1313,1089-HDMKP,0,0.9346069001709794,0.06539309982902067
1314,1097-FSPVW,0,0.9839198817600809,0.016080118239919106
1315,1100-DDVRV,0,0.893222924502268,0.10677707549773202
1316,1101-SSWAG,0,0.5653985922841627,0.4346014077158374
1317,1104-FEJAM,0,0.5859911902624102,0.41400880973758974
1318,1114-CENIM,0,0.7789106185725981,0.22108938142740187
1319,1120-BMWUB,1,0.28416039740327836,0.7158396025967216
1320,1125-SNVCK,0,0.9924077601313266,0.007592239868673382
1321,1134-YWTYF,0,0.9956077191120674,0.0043922808879326095
1322,1142-WACZW,1,0.2663303737499144,0.7336696262500856
1323,1163-ONYEY,0,0.8177849138418167,0.18221508615818333
1324,1202-KKGFU,0,0.9309497556787304,0.06905024432126962
1325,1205-WNWPJ,1,0.34952803956491474,0.6504719604350853
1326,1208-NBVFH,0,0.99567447778357,0.004325522216429978
1327,1213-NGCUN,0,0.7659227081760216,0.23407729182397843
1328,1215-VFYVK,1,0.2368774693878073,0.7631225306121927
1329,1226-UDFZR,1,0.3751745597355396,0.6248254402644604
1330,1230-QAJDW,0,0.5854315696221759,0.4145684303778241
1331,1247-QBVSH,0,0.7271840048532041,0.27281599514679583
1332,1251-KRREG,0,0.9827888991652143,0.01721110083478571
1333,1260-TTRXI,0,0.5507951147030241,0.44920488529697594
1334,1261-FWTTE,0,0.9224874794864084,0.07751252051359162
1335,1271-SJBGZ,0,0.9871316529969902,0.012868347003009763
1336,1304-BCCFO,0,0.9728157802305555,0.027184219769444483
1337,1310-QRITU,0,0.6277772140215716,0.3722227859784284
1338,1322-AGOQM,1,0.39812282393900933,0.6018771760609907
1339,1324-NLTJE,0,0.9871918614093826,0.012808138590617302
1340,1329-VHWNP,0,0.9553884376582898,0.044611562341710195
1341,1334-FJSVR,0,0.9977226727931077,0.0022773272068923197
1342,1335-NTIUC,0,0.5891762433262062,0.4108237566737937
1343,1352-VHKAJ,1,0.36882828342130736,0.6311717165786926
1344,1353-LJWEM,0,0.9966134911550175,0.003386508844982466
1345,1355-KUSBG,0,0.5998295938488851,0.4001704061511149
1346,1356-MKYSK,0,0.9010617202092095,0.0989382797907905
1347,1357-MVDOZ,0,0.8018202723241927,0.19817972767580724
1348,1360-RCYRT,1,0.43175090475412237,0.5682490952458776
1349,1373-ORVIZ,0,0.5011305949594617,0.49886940504053834
1350,1376-HHBDV,0,0.9973074417282688,0.0026925582717312094
1351,1395-OFUWC,0,0.5284741725812216,0.4715258274187784
1352,1399-UBQIU,0,0.9929754944101427,0.0070245055898573066
1353,1406-PUQVY,1,0.46992232911384757,0.5300776708861524
1354,1410-RSCMR,0,0.7589800215990399,0.24101997840096007
1355,1432-FPAXX,0,0.9563188892983373,0.04368111070166265
1356,1436-ZMJAN,0,0.9931184015262841,0.006881598473715953
1357,1442-BQPVU,0,0.9887741130034182,0.011225886996581782
1358,1452-XRSJV,0,0.9969342212951585,0.003065778704841433
1359,1453-RZFON,1,0.4938981331073061,0.5061018668926939
1360,1456-TWCGB,0,0.8946927239842615,0.10530727601573847
1361,1465-LNTLJ,1,0.32251832233757627,0.6774816776624237
1362,1471-GIQKQ,0,0.6246053210114708,0.37539467898852913
1363,1478-VPOAD,1,0.44197695066966725,0.5580230493303328
1364,1492-QGCLU,0,0.6124711692959681,0.3875288307040318
1365,1496-GGSUK,0,0.9898293987919184,0.010170601208081503
1366,1501-SGHBW,0,0.8175348231174222,0.18246517688257777
1367,1518-OMDIK,0,0.5746966683127267,0.4253033316872733
1368,1518-VOWAV,0,0.6255552807254858,0.37444471927451417
1369,1530-ZTDOZ,1,0.3423929995424637,0.6576070004575363
1370,1536-HBSWP,0,0.9913585623135919,0.008641437686408099
1371,1541-ETJZO,0,0.527050913568332,0.472949086431668
1372,1548-ARAGG,1,0.35867950504934365,0.6413204949506564
1373,1559-DTODC,0,0.6865876072639094,0.3134123927360906
1374,1564-HJUVY,0,0.528873006714345,0.47112699328565494
1375,1575-KRZZE,1,0.21772481999003224,0.7822751800099678
1376,1582-RAFML,0,0.8829144098332818,0.11708559016671814
1377,1585-MQSSU,0,0.8687422705130029,0.13125772948699713
1378,1589-AGTLK,0,0.9823373769651415,0.01766262303485851
1379,1596-OQSPS,0,0.9709909116087847,0.029009088391215295
1380,1597-FZREH,0,0.9800819052839661,0.01991809471603391
1381,1600-DILPE,0,0.660355458158824,0.33964454184117593
1382,1612-EOHDH,0,0.5843365965884448,0.41566340341155517
1383,1629-DQQVB,0,0.8684905876479108,0.1315094123520893
1384,1635-FJFCC,1,0.23037163961440488,0.7696283603855951
1385,1636-NTNCO,0,0.9879767051209081,0.012023294879091935
1386,1660-HSOOQ,0,0.8226086889371075,0.17739131106289255
1387,1666-JZPZT,0,0.8524013202025621,0.14759867979743788
1388,1684-FLBGS,0,0.9976144650602544,0.002385534939745628
1389,1685-VAYJF,0,0.7182169197682912,0.28178308023170884
1390,1697-BCSHV,0,0.5094626294809407,0.4905373705190593
1391,1697-NVVGY,0,0.7521016251765389,0.24789837482346108
1392,1702-CCFNJ,0,0.6977002576576975,0.3022997423423025
1393,1703-MGIAB,1,0.31385343315066083,0.6861465668493392
1394,1728-BQDMA,0,0.982455722741373,0.017544277258626933
1395,1730-VFMWO,0,0.7453430410153817,0.25465695898461826
1396,1740-CSDJP,0,0.5009047976521593,0.49909520234784066
1397,1750-CSKKM,0,0.8903689924941187,0.10963100750588126
1398,1763-WQFUK,0,0.6971753419708715,0.3028246580291285
1399,1767-TGTKO,1,0.3776419531535693,0.6223580468464307
1400,1768-HNVGJ,0,0.625666305269993,0.374333694730007
1401,1768-ZAIFU,0,0.7988976168730699,0.20110238312693005
1402,1777-JYQPJ,0,0.57446220708815,0.42553779291185
1403,1791-PQHBB,1,0.2672294724962141,0.7327705275037859
1404,1794-HBQTJ,0,0.6276531300877493,0.3723468699122508
1405,1794-SWWKL,0,0.9876303544967818,0.012369645503218186
1406,1803-BGNBD,0,0.8461635316425539,0.15383646835744613
